threshold,recall,precision,f1,auc_pr,auc_roc,predicted_positive_rate,false_positive,false_negative
5.677327196340233e-05,1.0,0.12809159228028086,0.22709431247752046,0.2450323852159519,0.7407946529003105,1.0,49425,0
6.463062120908215e-05,1.0,0.12858154772445546,0.2278639908364846,0.2450323852159519,0.7407946529003105,0.9961895353350033,49209,0
6.861025990709323e-05,1.0,0.13032864860983973,0.2306031060437641,0.2450323852159519,0.7407946529003105,0.9828352679673994,48452,0
7.362860868921918e-05,1.0,0.13186234450195225,0.23300067387607099,0.2450323852159519,0.7407946529003105,0.9714038739724095,47804,0
7.753752929589296e-05,1.0,0.13333455754081203,0.2352960238504164,0.2450323852159519,0.7407946529003105,0.9606781215820485,47196,0
0.00011522278401182095,1.0,0.13479996287013832,0.23757484540130222,0.2450323852159519,0.7407946529003105,0.9502346258335391,46604,0
0.00011986851364940664,1.0,0.1362570136425904,0.23983484723369117,0.2450323852159519,0.7407946529003105,0.9400733867268815,46028,0
0.00012619419999128765,1.0,0.13773023008782412,0.2421140380126709,0.2450323852159519,0.7407946529003105,0.930017993860918,45458,0
0.00013320728902698078,1.0,0.13919828230738263,0.24437937533656434,0.2450323852159519,0.7407946529003105,0.9202095755565748,44902,0
0.0001424047114404071,1.0,0.14066798403657638,0.24664141714363355,0.2450323852159519,0.7407946529003105,0.9105952086935045,44357,0
0.000362865067685828,1.0,0.1423251073171688,0.24918494114417103,0.2450323852159519,0.7407946529003105,0.8999929435839538,43756,0
0.0005143356554413364,1.0,0.14384199370035064,0.2515067544163492,0.2450323852159519,0.7407946529003105,0.8905020640016935,43218,0
0.000578923032635541,1.0,0.1454964432421601,0.25403211699261796,0.2450323852159519,0.7407946529003105,0.8803761069752672,42644,0
0.0006153285762499211,1.0,0.14710589760732593,0.2564818085482162,0.2450323852159519,0.7407946529003105,0.8707440990720813,42098,0
0.0006774794645862383,1.0,0.14889166854635308,0.25919183265510104,0.2450323852159519,0.7407946529003105,0.8603006033235719,41506,0
0.0014467352069826556,0.9998622779231511,0.15067554946765457,0.26188586682057574,0.2450323852159519,0.7407946529003105,0.8499982358959884,40923,1
0.001885744745257108,0.9991736675389065,0.15236475134408603,0.264409497603732,0.2450323852159519,0.7407946529003105,0.8399957661503722,40361,6
0.002124135005941092,0.9977964467704173,0.15398839507747242,0.2668016939790094,0.2450323852159519,0.7407946529003105,0.829993296404756,39804,16
0.0023213728584217767,0.996556948078777,0.15567316380534402,0.26928158085704185,0.2450323852159519,0.7407946529003105,0.8199908266591398,39246,25
0.002530918353135438,0.99490428315659,0.1573342045083306,0.2717015194824733,0.2450323852159519,0.7407946529003105,0.8099883569135237,38691,37
0.0027877978593571356,0.9940779506954965,0.1591655824825244,0.2743965025660521,0.2450323852159519,0.7407946529003105,0.8000035282080231,38131,43
0.003120080313587267,0.9938025065417987,0.16112537680026795,0.27729316373976864,0.2450323852159519,0.7407946529003105,0.7900539815827541,37569,45
0.003639548693955399,0.9929761740807052,0.16306683252289947,0.28013054627399175,0.2450323852159519,0.7407946529003105,0.7799985887167907,37005,51
0.004411118488951074,0.9909103429279713,0.16483768242113223,0.28265566686309174,0.2450323852159519,0.7407946529003105,0.7700137600112903,36454,66
0.005471452899669694,0.9885690676215397,0.16661637380747893,0.28516944102339997,0.2450323852159519,0.7407946529003105,0.7599936492255583,35903,83
0.00671701126513308,0.9877427351604462,0.16869737027802606,0.2881767955801105,0.2450323852159519,0.7407946529003105,0.7499911794799421,35342,89
0.008104741633254224,0.9877427351604462,0.17097358634499857,0.29149139385071837,0.2450323852159519,0.7407946529003105,0.7400063507744417,34776,89
0.009942361235497616,0.9877427351604462,0.17329113006499625,0.2948528202598257,0.2450323852159519,0.7407946529003105,0.7301097272695198,34215,89
0.016706833712477377,0.9876050130835973,0.17569090552724423,0.2983131226990037,0.2450323852159519,0.7407946529003105,0.7200366933634407,33645,90
0.02155683388894273,0.9851260157003168,0.17767897063937602,0.30105852395883753,0.2450323852159519,0.7407946529003105,0.7101929929788661,33105,108
0.02449858635592951,0.9807189092411513,0.17946068548387098,0.30340214311582625,0.2450323852159519,0.7407946529003105,0.6999964717919769,32559,140
0.026575209286886666,0.9754854703208924,0.18109068596118938,0.3054728942942166,0.2450323852159519,0.7407946529003105,0.6899940020463606,32030,178
0.028337212982149987,0.9708029197080292,0.18287241218284647,0.3077695548715262,0.2450323852159519,0.7407946529003105,0.6799915323007445,31497,212
0.03061231461317508,0.9657072028646192,0.18462834724452987,0.30999115826702034,0.2450323852159519,0.7407946529003105,0.6699890625551282,30967,249
0.03307591033735646,0.9589588210990222,0.18611177932804104,0.3117249406813807,0.2450323852159519,0.7407946529003105,0.6600042338496278,30450,298
0.0358350638120383,0.9530367717945186,0.18780871736416435,0.3137823928174666,0.2450323852159519,0.7407946529003105,0.6500017641040116,29926,341
0.03995889907655643,0.9465638341826195,0.18944321940463066,0.31570244137709286,0.2450323852159519,0.7407946529003105,0.6400169353985111,29407,388
0.044533369715728716,0.9385759537253822,0.19083221326164876,0.317175901147232,0.2450323852159519,0.7407946529003105,0.6299968246127792,28897,446
0.04878594302423054,0.9301749070375981,0.19217527386541472,0.318539829269443,0.2450323852159519,0.7407946529003105,0.6199943548671629,28391,507
0.052774564766898624,0.9203966395813249,0.193273179478281,0.3194627022634384,0.2450323852159519,0.7407946529003105,0.6099918851215468,27895,578
0.05709219458636531,0.9095165955102603,0.19416676467129249,0.3200155065054636,0.2450323852159519,0.7407946529003105,0.6000070564160462,27408,657
0.06210593606804539,0.9007023825919295,0.19554492450291525,0.3213285510735518,0.2450323852159519,0.7407946529003105,0.5900045866704301,26905,721
0.06664785796474174,0.8903732268282606,0.19663006782444722,0.3221225710014948,0.2450323852159519,0.7407946529003105,0.5800197579649297,26414,796
0.07219828659894952,0.8821099022173254,0.1982297050540064,0.3237137369857475,0.2450323852159519,0.7407946529003105,0.5699996471791977,25906,856
0.0786884193331428,0.8738465776063903,0.1998802923387097,0.3253429047558005,0.2450323852159519,0.7407946529003105,0.5599971774335815,25399,916
0.08520101860648889,0.865720975072304,0.2016229913076948,0.32707216816691814,0.2450323852159519,0.7407946529003105,0.5499947076879653,24891,975
0.09191624570462616,0.8570444842308222,0.20329957530218884,0.328641968788783,0.2450323852159519,0.7407946529003105,0.5399922379423491,24387,1038
0.09817488023074117,0.8485057154661892,0.20506590334176542,0.3303042487602198,0.2450323852159519,0.7407946529003105,0.5300074092368486,23883,1100
0.10469465448838516,0.8391406142404627,0.20670353156698443,0.3317001469867712,0.2450323852159519,0.7407946529003105,0.5200049394912324,23384,1168
0.11225838900105836,0.8323922324748657,0.20906260809408508,0.3341903735036355,0.2450323852159519,0.7407946529003105,0.5100024697456162,22866,1217
0.1206048206697278,0.8248175182481752,0.21130437850615671,0.3364228738344006,0.2450323852159519,0.7407946529003105,0.5,22354,1272
0.13111885394229902,0.8120093651012257,0.2122695852534562,0.33655849530496335,0.2450323852159519,0.7407946529003105,0.4899975302543838,21880,1365
0.141388104973226,0.8015424872607079,0.21389981256201993,0.33768494342906874,0.2450323852159519,0.7407946529003105,0.4799950605087676,21389,1441
0.15149335268341776,0.7905247211127944,0.2154412040686109,0.3386031146767343,0.2450323852159519,0.7407946529003105,0.4700102318032671,20903,1521
0.16138099513518878,0.7796446770417298,0.21709618039576623,0.33962264150943394,0.2450323852159519,0.7407946529003105,0.4600077620576509,20415,1600
0.17092542273423075,0.7689023550475141,0.2188639303775138,0.3407384803173634,0.2450323852159519,0.7407946529003105,0.45000529231203473,19926,1678
0.18012580198164116,0.7584354772069963,0.22079223799214176,0.3420178244262957,0.2450323852159519,0.7407946529003105,0.44000282256641854,19435,1754
0.18898480580144097,0.7472799889822338,0.2226051282051282,0.34302693134403844,0.2450323852159519,0.7407946529003105,0.4300003528208023,18949,1835
0.19800869169608734,0.733507781297342,0.22369692133226932,0.34283875120695206,0.2450323852159519,0.7407946529003105,0.42001552411530185,18483,1935
0.20535801017354657,0.7224900151494285,0.22572178477690288,0.3439774441020261,0.2450323852159519,0.7407946529003105,0.4099954133295699,17995,2015
0.2126793296131508,0.7106459165404214,0.22756339581036383,0.344735435595938,0.2450323852159519,0.7407946529003105,0.4000105846240694,17515,2101
0.2206330259269615,0.6996281503925079,0.22978107472408177,0.34594300112363374,0.2450323852159519,0.7407946529003105,0.3900081148784532,17028,2181
0.22864573767866297,0.6865445530918606,0.23141915417111555,0.34615651690854804,0.2450323852159519,0.7407946529003105,0.380005645132837,16556,2276
0.2378848698298975,0.6708442363310839,0.2322399160865834,0.34503276075792455,0.2450323852159519,0.7407946529003105,0.37000317538722083,16103,2390
0.24683131979827486,0.6580360831841344,0.23413534571470573,0.3453809454966026,0.2450323852159519,0.7407946529003105,0.36000070564160463,15629,2483
0.256793803402428,0.6382041041178901,0.23356854838709679,0.3419800007379801,0.2450323852159519,0.7407946529003105,0.34999823589598844,15206,2627
0.26714013918482754,0.6191984575127393,0.2332797177398433,0.3388859576392553,0.2450323852159519,0.7407946529003105,0.33999576615037225,14777,2765
0.27682585575250623,0.6048753615204517,0.23477842518843214,0.33826247689463956,0.2450323852159519,0.7407946529003105,0.33001093744487175,14315,2869
0.28716826055355693,0.5895882109902217,0.23599779492833517,0.3370733435691508,0.2450323852159519,0.7407946529003105,0.32000846769925556,13859,2980
0.2980810850480346,0.5749896708442364,0.23758037899049678,0.3362325843601514,0.2450323852159519,0.7407946529003105,0.31000599795363937,13398,3086
0.3098002505943693,0.5590139099297617,0.23868046571798188,0.33452837186302387,0.2450323852159519,0.7407946529003105,0.3000035282080231,12947,3202
0.3214657000242557,0.5422118165541936,0.23949145325141433,0.3322362869198312,0.2450323852159519,0.7407946529003105,0.2900010584624069,12502,3324
0.333785839799319,0.5232061699490428,0.2393523185483871,0.3284485367224312,0.2450323852159519,0.7407946529003105,0.27999858871679073,12073,3462
0.3472253062478229,0.5062663544966258,0.24018294674942828,0.325799875919525,0.2450323852159519,0.7407946529003105,0.26999611897117454,11629,3585
0.3602204476968486,0.49194325850433823,0.2423502272881471,0.32472727272727275,0.2450323852159519,0.7407946529003105,0.26001129026567404,11167,3689
0.37163059829164,0.4776201625120507,0.2447078746824725,0.32361311995520925,0.2450323852159519,0.7407946529003105,0.25000882052005785,10704,3793
0.383407097892199,0.46467428728825233,0.2479970599044469,0.3233969136394134,0.2450323852159519,0.7407946529003105,0.24000635077444166,10231,3887
0.3946521084839865,0.45048891337281366,0.25088203712225804,0.32228188580718264,0.2450323852159519,0.7407946529003105,0.23000388102882546,9767,3990
0.40491128449907443,0.4358903732268283,0.25378878999278326,0.32079870261504156,0.2450323852159519,0.7407946529003105,0.22000141128320927,9306,4096
0.41637771861228656,0.41729789285222424,0.2545362903225806,0.3162014088181581,0.2450323852159519,0.7407946529003105,0.20999894153759305,8874,4231
0.4278338253278064,0.400633521553505,0.25657082377844415,0.3128125168019786,0.2450323852159519,0.7407946529003105,0.20001411283209258,8429,4352
0.43886944411986434,0.38190331910205205,0.25745056169343605,0.307564330079858,0.2450323852159519,0.7407946529003105,0.1900116430864764,7998,4488
0.4488685319489938,0.36083184134416746,0.2567368936795688,0.30001145081873354,0.2450323852159519,0.7407946529003105,0.1800268143809759,7585,4641
0.458811847257301,0.3421016388927145,0.2577565632458234,0.2939992898567878,0.2450323852159519,0.7407946529003105,0.17000670359524397,7153,4777
0.4687074906167811,0.3226828260570169,0.2583241455347299,0.28693895046231094,0.2450323852159519,0.7407946529003105,0.16000423384962778,6727,4918
0.4785414999700448,0.30532984437405314,0.2607315065271081,0.28127378837858413,0.2450323852159519,0.7407946529003105,0.15000176410401156,6286,5044
0.4890442677135676,0.2881145847679383,0.26360887096774194,0.2753174968743831,0.2450323852159519,0.7407946529003105,0.13999929435839537,5844,5169
0.5009806017278707,0.26745627324060045,0.26350067842605157,0.26546374137106143,0.2450323852159519,0.7407946529003105,0.1300144656528949,5428,5319
0.5144191265110882,0.24624707340586696,0.2628252241658092,0.25426621160409557,0.2450323852159519,0.7407946529003105,0.12001199590727869,5015,5473
0.5274304357112445,0.22600192810907588,0.2631494547787043,0.2431651478106246,0.2450323852159519,0.7407946529003105,0.11000952616166249,4595,5620
0.54167003723222,0.20837350227241427,0.26689010407479274,0.23402938901778808,0.2450323852159519,0.7407946529003105,0.10000705641604629,4156,5748
0.5560910346577785,0.18771519074507645,0.2671501372010976,0.22049664320957696,0.2450323852159519,0.7407946529003105,0.09000458667043008,3739,5898
0.5750380947302234,0.16939815452417023,0.27122381477398017,0.20854526958290945,0.2450323852159519,0.7407946529003105,0.08000211692481389,3305,6031
0.5952708976827312,0.14694945599779644,0.2689012096774194,0.19004363701131,0.2450323852159519,0.7407946529003105,0.06999964717919768,2901,6194
0.6197106812192448,0.12463847954827159,0.26601998824221046,0.16974585013598426,0.2450323852159519,0.7407946529003105,0.06001481847369721,2497,6356
0.6449138861847256,0.10370472386723592,0.2656084656084656,0.14916798732171158,0.2450323852159519,0.7407946529003105,0.05001234872808101,2082,6508
0.6710889929946137,0.08428591103153836,0.26972234464521816,0.12843651626442812,0.2450323852159519,0.7407946529003105,0.04002752002258053,1657,6649
0.7006365251245725,0.06472937611899188,0.27630805408583187,0.10488730194153091,0.2450323852159519,0.7407946529003105,0.030007409236848605,1231,6791
0.7295344067554508,0.04778956066657485,0.30599647266313934,0.08266825491363908,0.2450323852159519,0.7407946529003105,0.0200049394912324,787,6914
0.7593714889048486,0.02589175044759675,0.3315696649029982,0.04803270311701584,0.2450323852159519,0.7407946529003105,0.0100024697456162,379,7073
0.8469542210878145,0.0001377220768489189,1.0,0.0002754062241806665,0.2450323852159519,0.7407946529003105,1.7641040115725225e-05,0,7260
