segment_col,segment_value,top_k_tags_per_day,tag_days,days,selected_alerts,alerts_per_day,tag_day_prevalence,precision_at_k,recall_at_k,lift_vs_random,positives_captured,total_positives,status,recommendation
Classe,Manutenção,3,564,30,90,3.0,0.2783687943262411,0.7,0.4012738853503185,2.5146496815286623,63,157,ok,usar TopK como canal principal
Classe,Parado,3,784,30,90,3.0,0.4770408163265306,0.9555555555555556,0.22994652406417113,2.0030897207367797,86,374,ok,usar TopK como canal principal
Classe,Operando,3,793,30,90,3.0,0.49936948297604034,1.0,0.22727272727272727,2.0025252525252526,90,396,ok,usar TopK como canal principal
Classe,Hibernando,3,400,30,90,3.0,0.0,0.0,0.0,0.0,0,0,inconclusivo_baixa_prevalencia,tratar segmento em trilha separada
Classe,Manutenção,5,564,30,150,5.0,0.2783687943262411,0.64,0.6114649681528662,2.299108280254777,96,157,ok,usar TopK como canal principal
Classe,Parado,5,784,30,150,5.0,0.4770408163265306,0.9466666666666667,0.37967914438502676,1.9844563279857397,142,374,ok,usar TopK como canal principal
Classe,Operando,5,793,30,150,5.0,0.49936948297604034,0.9866666666666667,0.37373737373737376,1.975824915824916,148,396,ok,usar TopK como canal principal
Classe,Hibernando,5,400,30,150,5.0,0.0,0.0,0.0,0.0,0,0,inconclusivo_baixa_prevalencia,tratar segmento em trilha separada
Classe,Operando,10,793,30,300,10.0,0.49936948297604034,0.95,0.7196969696969697,1.90239898989899,285,396,ok,usar TopK como canal principal
Classe,Parado,10,784,30,300,10.0,0.4770408163265306,0.8966666666666666,0.7192513368983957,1.8796434937611406,269,374,ok,usar TopK como canal principal
Classe,Manutenção,10,564,30,300,10.0,0.2783687943262411,0.4533333333333333,0.8662420382165605,1.6285350318471337,136,157,ok,usar TopK como canal principal
Classe,Hibernando,10,400,30,300,10.0,0.0,0.0,0.0,0.0,0,0,inconclusivo_baixa_prevalencia,tratar segmento em trilha separada
Classe,Operando,15,793,30,450,15.0,0.49936948297604034,0.7911111111111111,0.898989898989899,1.584219977553311,356,396,ok,usar TopK como canal principal
Classe,Parado,15,784,30,450,15.0,0.4770408163265306,0.7444444444444445,0.8957219251336899,1.560546642899584,335,374,ok,usar TopK como canal principal
Classe,Manutenção,15,564,30,445,14.833333333333334,0.2783687943262411,0.350561797752809,0.9936305732484076,1.2593430186788808,156,157,ok,usar TopK como canal principal
Classe,Hibernando,15,400,30,400,13.333333333333334,0.0,0.0,0.0,0.0,0,0,inconclusivo_baixa_prevalencia,tratar segmento em trilha separada
Frota,793-D 4S,3,360,30,90,3.0,0.2833333333333333,0.8555555555555555,0.7549019607843137,3.019607843137255,77,102,ok,usar TopK como canal principal
Frota,LeTourneau L 1850,3,271,30,90,3.0,0.007380073800738007,0.022222222222222223,1.0,3.0111111111111115,2,2,inconclusivo_baixa_prevalencia,tratar segmento em trilha separada
Frota,793-D 5S,3,390,30,90,3.0,0.5974358974358974,0.9888888888888889,0.38197424892703863,1.655221745350501,89,233,ok,usar TopK como canal principal
Frota,793-D 3S,3,122,30,90,3.0,0.14754098360655737,0.2,1.0,1.3555555555555556,18,18,ok,usar TopK como canal principal
Frota,793-D 2S,3,127,30,90,3.0,0.4566929133858268,0.6,0.9310344827586207,1.3137931034482757,54,58,ok,usar TopK como canal principal
Frota,793-D 4S,5,360,30,150,5.0,0.2833333333333333,0.6533333333333333,0.9607843137254902,2.3058823529411763,98,102,ok,usar TopK como canal principal
Frota,LeTourneau L 1850,5,271,30,150,5.0,0.007380073800738007,0.013333333333333334,1.0,1.8066666666666669,2,2,inconclusivo_baixa_prevalencia,tratar segmento em trilha separada
Frota,793-D 5S,5,390,30,150,5.0,0.5974358974358974,0.98,0.630901287553648,1.640343347639485,147,233,ok,usar TopK como canal principal
Frota,793-D 3S,5,122,30,121,4.033333333333333,0.14754098360655737,0.1487603305785124,1.0,1.0082644628099173,18,18,ok,usar TopK como canal principal
Frota,793-D 2S,5,127,30,127,4.233333333333333,0.4566929133858268,0.4566929133858268,1.0,1.0,58,58,ok,usar TopK como canal principal
Frota,793-D 5S,10,390,30,300,10.0,0.5974358974358974,0.7533333333333333,0.9699570815450643,1.2609442060085836,226,233,ok,usar TopK como canal principal
Frota,793-D 4S,10,360,30,300,10.0,0.2833333333333333,0.34,1.0,1.2000000000000002,102,102,ok,usar TopK como canal principal
Frota,793-D 2S,10,127,30,127,4.233333333333333,0.4566929133858268,0.4566929133858268,1.0,1.0,58,58,ok,usar TopK como canal principal
Frota,793-D 3S,10,122,30,122,4.066666666666666,0.14754098360655737,0.14754098360655737,1.0,1.0,18,18,ok,usar TopK como canal principal
Frota,LeTourneau L 1850,10,271,30,271,9.033333333333333,0.007380073800738007,0.007380073800738007,1.0,1.0,2,2,inconclusivo_baixa_prevalencia,tratar segmento em trilha separada
Frota,793-D 2S,15,127,30,127,4.233333333333333,0.4566929133858268,0.4566929133858268,1.0,1.0,58,58,ok,usar TopK como canal principal
Frota,793-D 3S,15,122,30,122,4.066666666666666,0.14754098360655737,0.14754098360655737,1.0,1.0,18,18,ok,usar TopK como canal principal
Frota,793-D 4S,15,360,30,360,12.0,0.2833333333333333,0.2833333333333333,1.0,1.0,102,102,ok,usar TopK como canal principal
Frota,793-D 5S,15,390,30,390,13.0,0.5974358974358974,0.5974358974358974,1.0,1.0,233,233,ok,usar TopK como canal principal
Frota,LeTourneau L 1850,15,271,30,271,9.033333333333333,0.007380073800738007,0.007380073800738007,1.0,1.0,2,2,inconclusivo_baixa_prevalencia,tratar segmento em trilha separada
Tipo,Escavadeira,3,271,30,90,3.0,0.007380073800738007,0.022222222222222223,1.0,3.0111111111111115,2,2,inconclusivo_baixa_prevalencia,tratar segmento em trilha separada
Tipo,Caminhao,3,999,30,90,3.0,0.4114114114114114,1.0,0.21897810218978103,2.4306569343065694,90,411,ok,usar TopK como canal principal
Tipo,Caminhao,5,999,30,150,5.0,0.4114114114114114,0.9933333333333333,0.36253041362530414,2.4144525547445252,149,411,ok,usar TopK como canal principal
Tipo,Escavadeira,5,271,30,150,5.0,0.007380073800738007,0.013333333333333334,1.0,1.8066666666666669,2,2,inconclusivo_baixa_prevalencia,tratar segmento em trilha separada
Tipo,Caminhao,10,999,30,300,10.0,0.4114114114114114,0.96,0.7007299270072993,2.3334306569343064,288,411,ok,usar TopK como canal principal
Tipo,Escavadeira,10,271,30,271,9.033333333333333,0.007380073800738007,0.007380073800738007,1.0,1.0,2,2,inconclusivo_baixa_prevalencia,tratar segmento em trilha separada
Tipo,Caminhao,15,999,30,450,15.0,0.4114114114114114,0.8111111111111111,0.8880778588807786,1.9715328467153286,365,411,ok,usar TopK como canal principal
Tipo,Escavadeira,15,271,30,271,9.033333333333333,0.007380073800738007,0.007380073800738007,1.0,1.0,2,2,inconclusivo_baixa_prevalencia,tratar segmento em trilha separada
turno,tarde,3,1227,29,87,3.0,0.19967400162999185,0.9655172413793104,0.34285714285714286,4.835467980295567,84,245,ok,usar TopK como canal principal
turno,manha,3,1185,28,84,3.0,0.2,0.9642857142857143,0.34177215189873417,4.821428571428571,81,237,ok,usar TopK como canal principal
turno,noite,3,1267,30,90,3.0,0.2533543804262036,0.9444444444444444,0.26479750778816197,3.727760470751125,85,321,ok,usar TopK como canal principal
turno,manha,5,1185,28,140,5.0,0.2,0.9357142857142857,0.5527426160337553,4.678571428571428,131,237,ok,usar TopK como canal principal
turno,tarde,5,1227,29,145,5.0,0.19967400162999185,0.9172413793103448,0.5428571428571428,4.593694581280788,133,245,ok,usar TopK como canal principal
turno,noite,5,1267,30,150,5.0,0.2533543804262036,0.92,0.42990654205607476,3.6312772585669784,138,321,ok,usar TopK como canal principal
turno,manha,10,1185,28,280,10.0,0.2,0.725,0.8565400843881856,3.6249999999999996,203,237,ok,usar TopK como canal principal
turno,tarde,10,1227,29,290,10.0,0.19967400162999185,0.6931034482758621,0.8204081632653061,3.4711752287121747,201,245,ok,usar TopK como canal principal
turno,noite,10,1267,30,300,10.0,0.2533543804262036,0.7633333333333333,0.7133956386292835,3.012907580477674,229,321,ok,usar TopK como canal principal
turno,manha,15,1185,28,420,15.0,0.2,0.5404761904761904,0.9578059071729957,2.702380952380952,227,237,ok,usar TopK como canal principal
turno,tarde,15,1227,29,435,15.0,0.19967400162999185,0.5103448275862069,0.9061224489795918,2.555890218156228,222,245,ok,usar TopK como canal principal
turno,noite,15,1267,30,450,15.0,0.2533543804262036,0.6311111111111111,0.8847352024922118,2.4910211145725163,284,321,ok,usar TopK como canal principal
