data,rank,Tag,score,Frota,Tipo,turno,motivo_principal,risco_segmento,acao_recomendada
2025-06-02,1,CA65935,0.960419,793-D 5S,Caminhao,tarde,alertas recentes na janela de 4h,alto_acima_threshold,inspecionar primeiro e registrar achado operacional
2025-06-02,2,CA65936,0.883216,793-D 5S,Caminhao,tarde,alertas recentes na janela de 4h,alto_acima_threshold,inspecionar primeiro e registrar achado operacional
2025-06-02,3,CA65792,0.85315,793-D 2S,Caminhao,tarde,alertas recentes na janela de 4h,alto_acima_threshold,inspecionar primeiro e registrar achado operacional
2025-06-02,4,CA65927,0.844345,793-D 5S,Caminhao,noite,alertas recentes na janela de 4h,alto_acima_threshold,inspecionar primeiro e registrar achado operacional
2025-06-02,5,CA65930,0.837842,793-D 5S,Caminhao,tarde,alertas recentes na janela de 4h,alto_acima_threshold,inspecionar primeiro e registrar achado operacional
2025-06-02,6,CA65931,0.816338,793-D 5S,Caminhao,tarde,alertas recentes na janela de 4h,alto_acima_threshold,inspecionar primeiro e registrar achado operacional
2025-06-02,7,CA65924,0.766664,793-D 4S,Caminhao,tarde,alertas recentes na janela de 4h,alto_acima_threshold,inspecionar primeiro e registrar achado operacional
2025-06-02,8,CA5927,0.760362,793-D 5S,Caminhao,tarde,alertas recentes na janela de 4h,alto_acima_threshold,inspecionar primeiro e registrar achado operacional
2025-06-02,9,PE3797,0.524194,LeTourneau L 1850,Escavadeira,tarde,alertas recentes na janela de 4h,alto_acima_threshold,inspecionar primeiro e registrar achado operacional
2025-06-02,10,CA65934,0.479483,793-D 5S,Caminhao,noite,historico recente de alertas em 24h,alto_acima_threshold,inspecionar primeiro e registrar achado operacional
2025-06-02,11,CA65909,0.458476,793-D 3S,Caminhao,tarde,historico recente de alertas em 24h,alto_acima_threshold,inspecionar primeiro e registrar achado operacional
2025-06-02,12,CA65921,0.453729,793-D 4S,Caminhao,tarde,historico recente de alertas em 24h,alto_acima_threshold,inspecionar primeiro e registrar achado operacional
2025-06-02,13,CA65933,0.440319,793-D 5S,Caminhao,tarde,maior score diario do modelo,alto_acima_threshold,inspecionar primeiro e registrar achado operacional
2025-06-02,14,CA65925,0.428623,793-D 4S,Caminhao,tarde,aumento recente na duracao do ciclo,alto_acima_threshold,inspecionar primeiro e registrar achado operacional
2025-06-02,15,CA65929,0.426745,793-D 5S,Caminhao,tarde,aumento recente na duracao do ciclo,alto_acima_threshold,inspecionar primeiro e registrar achado operacional
2025-06-03,1,CA65935,0.960419,793-D 5S,Caminhao,tarde,alertas recentes na janela de 4h,alto_acima_threshold,inspecionar primeiro e registrar achado operacional
2025-06-03,2,CA65915,0.948944,793-D 4S,Caminhao,tarde,alertas recentes na janela de 4h,alto_acima_threshold,inspecionar primeiro e registrar achado operacional
2025-06-03,3,CA65926,0.912398,793-D 4S,Caminhao,manha,alertas recentes na janela de 4h,alto_acima_threshold,inspecionar primeiro e registrar achado operacional
2025-06-03,4,CA65927,0.888625,793-D 5S,Caminhao,noite,alertas recentes na janela de 4h,alto_acima_threshold,inspecionar primeiro e registrar achado operacional
2025-06-03,5,CA65930,0.887676,793-D 5S,Caminhao,tarde,alertas recentes na janela de 4h,alto_acima_threshold,inspecionar primeiro e registrar achado operacional
2025-06-03,6,CA65792,0.879852,793-D 2S,Caminhao,tarde,alertas recentes na janela de 4h,alto_acima_threshold,inspecionar primeiro e registrar achado operacional
2025-06-03,7,CA65928,0.811731,793-D 5S,Caminhao,tarde,alertas recentes na janela de 4h,alto_acima_threshold,inspecionar primeiro e registrar achado operacional
2025-06-03,8,CA65936,0.770212,793-D 5S,Caminhao,manha,alertas recentes na janela de 4h,alto_acima_threshold,inspecionar primeiro e registrar achado operacional
2025-06-03,9,CA65924,0.752617,793-D 4S,Caminhao,manha,alertas recentes na janela de 4h,alto_acima_threshold,inspecionar primeiro e registrar achado operacional
2025-06-03,10,CA65925,0.752359,793-D 4S,Caminhao,manha,alertas recentes na janela de 4h,alto_acima_threshold,inspecionar primeiro e registrar achado operacional
2025-06-03,11,CA65909,0.743804,793-D 3S,Caminhao,tarde,alertas recentes na janela de 4h,alto_acima_threshold,inspecionar primeiro e registrar achado operacional
2025-06-03,12,CA65929,0.72739,793-D 5S,Caminhao,noite,alertas recentes na janela de 4h,alto_acima_threshold,inspecionar primeiro e registrar achado operacional
2025-06-03,13,CA65921,0.70877,793-D 4S,Caminhao,manha,alertas recentes na janela de 4h,alto_acima_threshold,inspecionar primeiro e registrar achado operacional
2025-06-03,14,CA5927,0.583231,793-D 5S,Caminhao,noite,historico recente de alertas em 24h,alto_acima_threshold,inspecionar primeiro e registrar achado operacional
2025-06-03,15,CA65793,0.486616,793-D 2S,Caminhao,noite,alertas recentes na janela de 4h,alto_acima_threshold,inspecionar primeiro e registrar achado operacional
2025-06-04,1,CA65933,0.960419,793-D 5S,Caminhao,manha,alertas recentes na janela de 4h,alto_acima_threshold,inspecionar primeiro e registrar achado operacional
2025-06-04,2,CA65935,0.960419,793-D 5S,Caminhao,noite,alertas recentes na janela de 4h,alto_acima_threshold,inspecionar primeiro e registrar achado operacional
2025-06-04,3,CA65927,0.960419,793-D 5S,Caminhao,manha,alertas recentes na janela de 4h,alto_acima_threshold,inspecionar primeiro e registrar achado operacional
2025-06-04,4,CA65915,0.959046,793-D 4S,Caminhao,tarde,alertas recentes na janela de 4h,alto_acima_threshold,inspecionar primeiro e registrar achado operacional
2025-06-04,5,CA65924,0.865129,793-D 4S,Caminhao,noite,alertas recentes na janela de 4h,alto_acima_threshold,inspecionar primeiro e registrar achado operacional
2025-06-04,6,CA65921,0.854433,793-D 4S,Caminhao,tarde,alertas recentes na janela de 4h,alto_acima_threshold,inspecionar primeiro e registrar achado operacional
2025-06-04,7,CA65930,0.844279,793-D 5S,Caminhao,noite,alertas recentes na janela de 4h,alto_acima_threshold,inspecionar primeiro e registrar achado operacional
2025-06-04,8,CA65936,0.825339,793-D 5S,Caminhao,manha,alertas recentes na janela de 4h,alto_acima_threshold,inspecionar primeiro e registrar achado operacional
2025-06-04,9,CA65909,0.80039,793-D 3S,Caminhao,manha,alertas recentes na janela de 4h,alto_acima_threshold,inspecionar primeiro e registrar achado operacional
2025-06-04,10,CA65926,0.744819,793-D 4S,Caminhao,tarde,alertas recentes na janela de 4h,alto_acima_threshold,inspecionar primeiro e registrar achado operacional
2025-06-04,11,CA65792,0.736301,793-D 2S,Caminhao,noite,alertas recentes na janela de 4h,alto_acima_threshold,inspecionar primeiro e registrar achado operacional
2025-06-04,12,CA65928,0.66698,793-D 5S,Caminhao,noite,alertas recentes na janela de 4h,alto_acima_threshold,inspecionar primeiro e registrar achado operacional
2025-06-04,13,CA65929,0.502988,793-D 5S,Caminhao,noite,historico recente de alertas em 24h,alto_acima_threshold,inspecionar primeiro e registrar achado operacional
2025-06-04,14,CA5927,0.495839,793-D 5S,Caminhao,noite,maior score diario do modelo,alto_acima_threshold,inspecionar primeiro e registrar achado operacional
2025-06-04,15,CA65931,0.452279,793-D 5S,Caminhao,tarde,maior score diario do modelo,alto_acima_threshold,inspecionar primeiro e registrar achado operacional
2025-06-05,1,CA65921,0.960419,793-D 4S,Caminhao,manha,alertas recentes na janela de 4h,alto_acima_threshold,inspecionar primeiro e registrar achado operacional
2025-06-05,2,CA65933,0.960419,793-D 5S,Caminhao,noite,alertas recentes na janela de 4h,alto_acima_threshold,inspecionar primeiro e registrar achado operacional
2025-06-05,3,CA65935,0.960419,793-D 5S,Caminhao,tarde,alertas recentes na janela de 4h,alto_acima_threshold,inspecionar primeiro e registrar achado operacional
2025-06-05,4,CA65932,0.953957,793-D 5S,Caminhao,tarde,alertas recentes na janela de 4h,alto_acima_threshold,inspecionar primeiro e registrar achado operacional
2025-06-05,5,CA65924,0.897109,793-D 4S,Caminhao,tarde,alertas recentes na janela de 4h,alto_acima_threshold,inspecionar primeiro e registrar achado operacional
2025-06-05,6,CA65937,0.821878,793-D 5S,Caminhao,noite,alertas recentes na janela de 4h,alto_acima_threshold,inspecionar primeiro e registrar achado operacional
2025-06-05,7,CA5927,0.814193,793-D 5S,Caminhao,tarde,alertas recentes na janela de 4h,alto_acima_threshold,inspecionar primeiro e registrar achado operacional
2025-06-05,8,CA65792,0.772323,793-D 2S,Caminhao,noite,alertas recentes na janela de 4h,alto_acima_threshold,inspecionar primeiro e registrar achado operacional
2025-06-05,9,CA65936,0.754911,793-D 5S,Caminhao,noite,alertas recentes na janela de 4h,alto_acima_threshold,inspecionar primeiro e registrar achado operacional
2025-06-05,10,CA65926,0.753472,793-D 4S,Caminhao,noite,alertas recentes na janela de 4h,alto_acima_threshold,inspecionar primeiro e registrar achado operacional
2025-06-05,11,CA65931,0.735146,793-D 5S,Caminhao,manha,alertas recentes na janela de 4h,alto_acima_threshold,inspecionar primeiro e registrar achado operacional
2025-06-05,12,CA65789,0.652618,793-D 2S,Caminhao,noite,alertas recentes na janela de 4h,alto_acima_threshold,inspecionar primeiro e registrar achado operacional
2025-06-05,13,CA65927,0.645692,793-D 5S,Caminhao,noite,historico recente de alertas em 24h,alto_acima_threshold,inspecionar primeiro e registrar achado operacional
2025-06-05,14,CA65915,0.525221,793-D 4S,Caminhao,noite,historico recente de alertas em 24h,alto_acima_threshold,inspecionar primeiro e registrar achado operacional
2025-06-05,15,CA65928,0.504649,793-D 5S,Caminhao,noite,historico recente de alertas em 24h,alto_acima_threshold,inspecionar primeiro e registrar achado operacional
2025-06-06,1,CA65935,0.960419,793-D 5S,Caminhao,tarde,alertas recentes na janela de 4h,alto_acima_threshold,inspecionar primeiro e registrar achado operacional
2025-06-06,2,CA65932,0.960419,793-D 5S,Caminhao,noite,alertas recentes na janela de 4h,alto_acima_threshold,inspecionar primeiro e registrar achado operacional
2025-06-06,3,CA65921,0.960419,793-D 4S,Caminhao,noite,alertas recentes na janela de 4h,alto_acima_threshold,inspecionar primeiro e registrar achado operacional
2025-06-06,4,CA65924,0.897036,793-D 4S,Caminhao,noite,alertas recentes na janela de 4h,alto_acima_threshold,inspecionar primeiro e registrar achado operacional
2025-06-06,5,CA65933,0.858204,793-D 5S,Caminhao,tarde,alertas recentes na janela de 4h,alto_acima_threshold,inspecionar primeiro e registrar achado operacional
2025-06-06,6,CA5927,0.845597,793-D 5S,Caminhao,noite,alertas recentes na janela de 4h,alto_acima_threshold,inspecionar primeiro e registrar achado operacional
2025-06-06,7,CA65927,0.831872,793-D 5S,Caminhao,noite,alertas recentes na janela de 4h,alto_acima_threshold,inspecionar primeiro e registrar achado operacional
2025-06-06,8,CA65936,0.811739,793-D 5S,Caminhao,tarde,alertas recentes na janela de 4h,alto_acima_threshold,inspecionar primeiro e registrar achado operacional
2025-06-06,9,CA65930,0.798747,793-D 5S,Caminhao,manha,alertas recentes na janela de 4h,alto_acima_threshold,inspecionar primeiro e registrar achado operacional
2025-06-06,10,CA65937,0.772893,793-D 5S,Caminhao,tarde,alertas recentes na janela de 4h,alto_acima_threshold,inspecionar primeiro e registrar achado operacional
2025-06-06,11,CA65926,0.771799,793-D 4S,Caminhao,tarde,alertas recentes na janela de 4h,alto_acima_threshold,inspecionar primeiro e registrar achado operacional
2025-06-06,12,CA65792,0.737173,793-D 2S,Caminhao,noite,alertas recentes na janela de 4h,alto_acima_threshold,inspecionar primeiro e registrar achado operacional
2025-06-06,13,CA5926,0.723177,793-D 5S,Caminhao,manha,alertas recentes na janela de 4h,alto_acima_threshold,inspecionar primeiro e registrar achado operacional
2025-06-06,14,CA65934,0.719596,793-D 5S,Caminhao,manha,alertas recentes na janela de 4h,alto_acima_threshold,inspecionar primeiro e registrar achado operacional
2025-06-06,15,CA65916,0.600056,793-D 4S,Caminhao,manha,alertas recentes na janela de 4h,alto_acima_threshold,inspecionar primeiro e registrar achado operacional
2025-06-07,1,CA65932,0.959769,793-D 5S,Caminhao,manha,alertas recentes na janela de 4h,alto_acima_threshold,inspecionar primeiro e registrar achado operacional
2025-06-07,2,CA65935,0.945403,793-D 5S,Caminhao,manha,alertas recentes na janela de 4h,alto_acima_threshold,inspecionar primeiro e registrar achado operacional
2025-06-07,3,CA65927,0.872555,793-D 5S,Caminhao,manha,alertas recentes na janela de 4h,alto_acima_threshold,inspecionar primeiro e registrar achado operacional
2025-06-07,4,CA65936,0.871322,793-D 5S,Caminhao,noite,alertas recentes na janela de 4h,alto_acima_threshold,inspecionar primeiro e registrar achado operacional
2025-06-07,5,CA65931,0.822885,793-D 5S,Caminhao,tarde,alertas recentes na janela de 4h,alto_acima_threshold,inspecionar primeiro e registrar achado operacional
2025-06-07,6,CA65926,0.763688,793-D 4S,Caminhao,noite,alertas recentes na janela de 4h,alto_acima_threshold,inspecionar primeiro e registrar achado operacional
2025-06-07,7,CA65937,0.760474,793-D 5S,Caminhao,manha,alertas recentes na janela de 4h,alto_acima_threshold,inspecionar primeiro e registrar achado operacional
2025-06-07,8,CA65934,0.747129,793-D 5S,Caminhao,tarde,alertas recentes na janela de 4h,alto_acima_threshold,inspecionar primeiro e registrar achado operacional
2025-06-07,9,CA65792,0.74511,793-D 2S,Caminhao,manha,alertas recentes na janela de 4h,alto_acima_threshold,inspecionar primeiro e registrar achado operacional
2025-06-07,10,CA65921,0.738651,793-D 4S,Caminhao,manha,alertas recentes na janela de 4h,alto_acima_threshold,inspecionar primeiro e registrar achado operacional
2025-06-07,11,CA65789,0.652336,793-D 2S,Caminhao,manha,alertas recentes na janela de 4h,alto_acima_threshold,inspecionar primeiro e registrar achado operacional
2025-06-07,12,CA65930,0.636933,793-D 5S,Caminhao,noite,historico recente de alertas em 24h,alto_acima_threshold,inspecionar primeiro e registrar achado operacional
2025-06-07,13,CA65924,0.545872,793-D 4S,Caminhao,noite,historico recente de alertas em 24h,alto_acima_threshold,inspecionar primeiro e registrar achado operacional
2025-06-07,14,CA65933,0.535737,793-D 5S,Caminhao,manha,historico recente de alertas em 24h,alto_acima_threshold,inspecionar primeiro e registrar achado operacional
2025-06-07,15,CA5927,0.445611,793-D 5S,Caminhao,noite,historico recente de alertas em 24h,alto_acima_threshold,inspecionar primeiro e registrar achado operacional
2025-06-08,1,CA65927,0.960419,793-D 5S,Caminhao,manha,alertas recentes na janela de 4h,alto_acima_threshold,inspecionar primeiro e registrar achado operacional
2025-06-08,2,CA65926,0.960419,793-D 4S,Caminhao,tarde,alertas recentes na janela de 4h,alto_acima_threshold,inspecionar primeiro e registrar achado operacional
2025-06-08,3,CA65792,0.838625,793-D 2S,Caminhao,noite,alertas recentes na janela de 4h,alto_acima_threshold,inspecionar primeiro e registrar achado operacional
2025-06-08,4,CA65935,0.823575,793-D 5S,Caminhao,tarde,alertas recentes na janela de 4h,alto_acima_threshold,inspecionar primeiro e registrar achado operacional
2025-06-08,5,CA65936,0.800555,793-D 5S,Caminhao,noite,alertas recentes na janela de 4h,alto_acima_threshold,inspecionar primeiro e registrar achado operacional
2025-06-08,6,CA65937,0.756634,793-D 5S,Caminhao,tarde,alertas recentes na janela de 4h,alto_acima_threshold,inspecionar primeiro e registrar achado operacional
2025-06-08,7,CA65921,0.728898,793-D 4S,Caminhao,manha,alertas recentes na janela de 4h,alto_acima_threshold,inspecionar primeiro e registrar achado operacional
2025-06-08,8,CA65928,0.727391,793-D 5S,Caminhao,manha,alertas recentes na janela de 4h,alto_acima_threshold,inspecionar primeiro e registrar achado operacional
2025-06-08,9,CA65932,0.518165,793-D 5S,Caminhao,noite,historico recente de alertas em 24h,alto_acima_threshold,inspecionar primeiro e registrar achado operacional
2025-06-08,10,CA65934,0.517173,793-D 5S,Caminhao,noite,maior score diario do modelo,alto_acima_threshold,inspecionar primeiro e registrar achado operacional
2025-06-08,11,CA65931,0.508248,793-D 5S,Caminhao,noite,historico recente de alertas em 24h,alto_acima_threshold,inspecionar primeiro e registrar achado operacional
2025-06-08,12,CA5927,0.506536,793-D 5S,Caminhao,manha,maior score diario do modelo,alto_acima_threshold,inspecionar primeiro e registrar achado operacional
2025-06-08,13,CA65933,0.503187,793-D 5S,Caminhao,noite,maior score diario do modelo,alto_acima_threshold,inspecionar primeiro e registrar achado operacional
2025-06-08,14,CA65930,0.456001,793-D 5S,Caminhao,noite,maior score diario do modelo,alto_acima_threshold,inspecionar primeiro e registrar achado operacional
2025-06-08,15,CA65924,0.434668,793-D 4S,Caminhao,noite,aumento recente na duracao do ciclo,alto_acima_threshold,inspecionar primeiro e registrar achado operacional
2025-06-09,1,CA65927,0.960419,793-D 5S,Caminhao,manha,alertas recentes na janela de 4h,alto_acima_threshold,inspecionar primeiro e registrar achado operacional
2025-06-09,2,CA65926,0.959607,793-D 4S,Caminhao,noite,alertas recentes na janela de 4h,alto_acima_threshold,inspecionar primeiro e registrar achado operacional
2025-06-09,3,CA65792,0.945342,793-D 2S,Caminhao,tarde,alertas recentes na janela de 4h,alto_acima_threshold,inspecionar primeiro e registrar achado operacional
2025-06-09,4,CA65921,0.887186,793-D 4S,Caminhao,noite,alertas recentes na janela de 4h,alto_acima_threshold,inspecionar primeiro e registrar achado operacional
2025-06-09,5,CA65932,0.854372,793-D 5S,Caminhao,noite,alertas recentes na janela de 4h,alto_acima_threshold,inspecionar primeiro e registrar achado operacional
2025-06-09,6,CA65934,0.853164,793-D 5S,Caminhao,manha,alertas recentes na janela de 4h,alto_acima_threshold,inspecionar primeiro e registrar achado operacional
2025-06-09,7,CA65936,0.841521,793-D 5S,Caminhao,tarde,alertas recentes na janela de 4h,alto_acima_threshold,inspecionar primeiro e registrar achado operacional
2025-06-09,8,CA65933,0.823887,793-D 5S,Caminhao,manha,alertas recentes na janela de 4h,alto_acima_threshold,inspecionar primeiro e registrar achado operacional
2025-06-09,9,CA65930,0.819054,793-D 5S,Caminhao,manha,alertas recentes na janela de 4h,alto_acima_threshold,inspecionar primeiro e registrar achado operacional
2025-06-09,10,CA65928,0.69195,793-D 5S,Caminhao,noite,alertas recentes na janela de 4h,alto_acima_threshold,inspecionar primeiro e registrar achado operacional
2025-06-09,11,CA65937,0.582158,793-D 5S,Caminhao,noite,alertas recentes na janela de 4h,alto_acima_threshold,inspecionar primeiro e registrar achado operacional
2025-06-09,12,CA65793,0.535521,793-D 2S,Caminhao,tarde,alertas recentes na janela de 4h,alto_acima_threshold,inspecionar primeiro e registrar achado operacional
2025-06-09,13,CA65916,0.499722,793-D 4S,Caminhao,noite,alertas recentes na janela de 4h,alto_acima_threshold,inspecionar primeiro e registrar achado operacional
2025-06-09,14,CA65931,0.486566,793-D 5S,Caminhao,noite,maior score diario do modelo,alto_acima_threshold,inspecionar primeiro e registrar achado operacional
2025-06-09,15,CA65935,0.476642,793-D 5S,Caminhao,noite,historico recente de alertas em 24h,alto_acima_threshold,inspecionar primeiro e registrar achado operacional
2025-06-10,1,CA65927,0.960419,793-D 5S,Caminhao,noite,alertas recentes na janela de 4h,alto_acima_threshold,inspecionar primeiro e registrar achado operacional
2025-06-10,2,CA65921,0.960419,793-D 4S,Caminhao,manha,alertas recentes na janela de 4h,alto_acima_threshold,inspecionar primeiro e registrar achado operacional
2025-06-10,3,CA65932,0.958421,793-D 5S,Caminhao,tarde,alertas recentes na janela de 4h,alto_acima_threshold,inspecionar primeiro e registrar achado operacional
2025-06-10,4,CA65926,0.948244,793-D 4S,Caminhao,noite,alertas recentes na janela de 4h,alto_acima_threshold,inspecionar primeiro e registrar achado operacional
2025-06-10,5,CA65792,0.928525,793-D 2S,Caminhao,manha,alertas recentes na janela de 4h,alto_acima_threshold,inspecionar primeiro e registrar achado operacional
2025-06-10,6,CA65930,0.856389,793-D 5S,Caminhao,tarde,alertas recentes na janela de 4h,alto_acima_threshold,inspecionar primeiro e registrar achado operacional
2025-06-10,7,CA65936,0.841082,793-D 5S,Caminhao,manha,alertas recentes na janela de 4h,alto_acima_threshold,inspecionar primeiro e registrar achado operacional
2025-06-10,8,CA65924,0.823465,793-D 4S,Caminhao,noite,alertas recentes na janela de 4h,alto_acima_threshold,inspecionar primeiro e registrar achado operacional
2025-06-10,9,CA65937,0.820099,793-D 5S,Caminhao,noite,alertas recentes na janela de 4h,alto_acima_threshold,inspecionar primeiro e registrar achado operacional
2025-06-10,10,CA65934,0.796759,793-D 5S,Caminhao,manha,alertas recentes na janela de 4h,alto_acima_threshold,inspecionar primeiro e registrar achado operacional
2025-06-10,11,CA5927,0.771463,793-D 5S,Caminhao,noite,alertas recentes na janela de 4h,alto_acima_threshold,inspecionar primeiro e registrar achado operacional
2025-06-10,12,CA65925,0.765686,793-D 4S,Caminhao,noite,alertas recentes na janela de 4h,alto_acima_threshold,inspecionar primeiro e registrar achado operacional
2025-06-10,13,CA5926,0.708694,793-D 5S,Caminhao,tarde,alertas recentes na janela de 4h,alto_acima_threshold,inspecionar primeiro e registrar achado operacional
2025-06-10,14,CA65928,0.685613,793-D 5S,Caminhao,tarde,alertas recentes na janela de 4h,alto_acima_threshold,inspecionar primeiro e registrar achado operacional
2025-06-10,15,CA65789,0.550972,793-D 2S,Caminhao,noite,alertas recentes na janela de 4h,alto_acima_threshold,inspecionar primeiro e registrar achado operacional
2025-06-11,1,CA65926,0.960419,793-D 4S,Caminhao,tarde,alertas recentes na janela de 4h,alto_acima_threshold,inspecionar primeiro e registrar achado operacional
2025-06-11,2,CA65932,0.930044,793-D 5S,Caminhao,noite,alertas recentes na janela de 4h,alto_acima_threshold,inspecionar primeiro e registrar achado operacional
2025-06-11,3,CA65925,0.902299,793-D 4S,Caminhao,manha,alertas recentes na janela de 4h,alto_acima_threshold,inspecionar primeiro e registrar achado operacional
2025-06-11,4,CA65924,0.884258,793-D 4S,Caminhao,noite,alertas recentes na janela de 4h,alto_acima_threshold,inspecionar primeiro e registrar achado operacional
2025-06-11,5,CA65792,0.878138,793-D 2S,Caminhao,noite,alertas recentes na janela de 4h,alto_acima_threshold,inspecionar primeiro e registrar achado operacional
2025-06-11,6,CA65921,0.86994,793-D 4S,Caminhao,noite,alertas recentes na janela de 4h,alto_acima_threshold,inspecionar primeiro e registrar achado operacional
2025-06-11,7,CA65937,0.86503,793-D 5S,Caminhao,tarde,alertas recentes na janela de 4h,alto_acima_threshold,inspecionar primeiro e registrar achado operacional
2025-06-11,8,CA65933,0.854471,793-D 5S,Caminhao,manha,alertas recentes na janela de 4h,alto_acima_threshold,inspecionar primeiro e registrar achado operacional
2025-06-11,9,CA65930,0.845075,793-D 5S,Caminhao,manha,alertas recentes na janela de 4h,alto_acima_threshold,inspecionar primeiro e registrar achado operacional
2025-06-11,10,CA65936,0.826159,793-D 5S,Caminhao,noite,alertas recentes na janela de 4h,alto_acima_threshold,inspecionar primeiro e registrar achado operacional
2025-06-11,11,CA5927,0.822343,793-D 5S,Caminhao,tarde,alertas recentes na janela de 4h,alto_acima_threshold,inspecionar primeiro e registrar achado operacional
2025-06-11,12,CA65927,0.686794,793-D 5S,Caminhao,noite,alertas recentes na janela de 4h,alto_acima_threshold,inspecionar primeiro e registrar achado operacional
2025-06-11,13,CA65793,0.535521,793-D 2S,Caminhao,tarde,alertas recentes na janela de 4h,alto_acima_threshold,inspecionar primeiro e registrar achado operacional
2025-06-11,14,CA65916,0.513778,793-D 4S,Caminhao,manha,alertas recentes na janela de 4h,alto_acima_threshold,inspecionar primeiro e registrar achado operacional
2025-06-11,15,CA65934,0.509247,793-D 5S,Caminhao,noite,historico recente de alertas em 24h,alto_acima_threshold,inspecionar primeiro e registrar achado operacional
2025-06-12,1,CA65926,0.959092,793-D 4S,Caminhao,tarde,alertas recentes na janela de 4h,alto_acima_threshold,inspecionar primeiro e registrar achado operacional
2025-06-12,2,CA65936,0.905599,793-D 5S,Caminhao,tarde,alertas recentes na janela de 4h,alto_acima_threshold,inspecionar primeiro e registrar achado operacional
2025-06-12,3,CA65924,0.872141,793-D 4S,Caminhao,tarde,alertas recentes na janela de 4h,alto_acima_threshold,inspecionar primeiro e registrar achado operacional
2025-06-12,4,CA65930,0.845787,793-D 5S,Caminhao,manha,alertas recentes na janela de 4h,alto_acima_threshold,inspecionar primeiro e registrar achado operacional
2025-06-12,5,CA65937,0.796582,793-D 5S,Caminhao,noite,alertas recentes na janela de 4h,alto_acima_threshold,inspecionar primeiro e registrar achado operacional
2025-06-12,6,CA65925,0.760783,793-D 4S,Caminhao,noite,alertas recentes na janela de 4h,alto_acima_threshold,inspecionar primeiro e registrar achado operacional
2025-06-12,7,CA65934,0.740165,793-D 5S,Caminhao,noite,alertas recentes na janela de 4h,alto_acima_threshold,inspecionar primeiro e registrar achado operacional
2025-06-12,8,CA5926,0.738063,793-D 5S,Caminhao,noite,alertas recentes na janela de 4h,alto_acima_threshold,inspecionar primeiro e registrar achado operacional
2025-06-12,9,CA65921,0.726653,793-D 4S,Caminhao,manha,alertas recentes na janela de 4h,alto_acima_threshold,inspecionar primeiro e registrar achado operacional
2025-06-12,10,CA65928,0.724177,793-D 5S,Caminhao,manha,alertas recentes na janela de 4h,alto_acima_threshold,inspecionar primeiro e registrar achado operacional
2025-06-12,11,CA65927,0.673661,793-D 5S,Caminhao,tarde,alertas recentes na janela de 4h,alto_acima_threshold,inspecionar primeiro e registrar achado operacional
2025-06-12,12,CA5927,0.604676,793-D 5S,Caminhao,noite,historico recente de alertas em 24h,alto_acima_threshold,inspecionar primeiro e registrar achado operacional
2025-06-12,13,CA65933,0.553572,793-D 5S,Caminhao,noite,historico recente de alertas em 24h,alto_acima_threshold,inspecionar primeiro e registrar achado operacional
2025-06-12,14,CA65932,0.446139,793-D 5S,Caminhao,noite,historico recente de alertas em 24h,alto_acima_threshold,inspecionar primeiro e registrar achado operacional
2025-06-12,15,CA65792,0.436711,793-D 2S,Caminhao,noite,historico recente de alertas em 24h,alto_acima_threshold,inspecionar primeiro e registrar achado operacional
2025-06-13,1,CA65926,0.960419,793-D 4S,Caminhao,noite,alertas recentes na janela de 4h,alto_acima_threshold,inspecionar primeiro e registrar achado operacional
2025-06-13,2,CA65935,0.959769,793-D 5S,Caminhao,tarde,alertas recentes na janela de 4h,alto_acima_threshold,inspecionar primeiro e registrar achado operacional
2025-06-13,3,CA65921,0.933769,793-D 4S,Caminhao,tarde,alertas recentes na janela de 4h,alto_acima_threshold,inspecionar primeiro e registrar achado operacional
2025-06-13,4,CA65936,0.916255,793-D 5S,Caminhao,manha,alertas recentes na janela de 4h,alto_acima_threshold,inspecionar primeiro e registrar achado operacional
2025-06-13,5,CA65924,0.881012,793-D 4S,Caminhao,tarde,alertas recentes na janela de 4h,alto_acima_threshold,inspecionar primeiro e registrar achado operacional
2025-06-13,6,CA65929,0.813613,793-D 5S,Caminhao,tarde,alertas recentes na janela de 4h,alto_acima_threshold,inspecionar primeiro e registrar achado operacional
2025-06-13,7,CA65932,0.786011,793-D 5S,Caminhao,tarde,alertas recentes na janela de 4h,alto_acima_threshold,inspecionar primeiro e registrar achado operacional
2025-06-13,8,CA65933,0.773756,793-D 5S,Caminhao,noite,alertas recentes na janela de 4h,alto_acima_threshold,inspecionar primeiro e registrar achado operacional
2025-06-13,9,CA5927,0.761401,793-D 5S,Caminhao,tarde,alertas recentes na janela de 4h,alto_acima_threshold,inspecionar primeiro e registrar achado operacional
2025-06-13,10,CA65931,0.751356,793-D 5S,Caminhao,manha,alertas recentes na janela de 4h,alto_acima_threshold,inspecionar primeiro e registrar achado operacional
2025-06-13,11,CA65925,0.67471,793-D 4S,Caminhao,noite,alertas recentes na janela de 4h,alto_acima_threshold,inspecionar primeiro e registrar achado operacional
2025-06-13,12,CA65790,0.652229,793-D 2S,Caminhao,noite,alertas recentes na janela de 4h,alto_acima_threshold,inspecionar primeiro e registrar achado operacional
2025-06-13,13,CA65927,0.620307,793-D 5S,Caminhao,noite,alertas recentes na janela de 4h,alto_acima_threshold,inspecionar primeiro e registrar achado operacional
2025-06-13,14,CA65934,0.528858,793-D 5S,Caminhao,noite,historico recente de alertas em 24h,alto_acima_threshold,inspecionar primeiro e registrar achado operacional
2025-06-13,15,CA65928,0.497489,793-D 5S,Caminhao,noite,historico recente de alertas em 24h,alto_acima_threshold,inspecionar primeiro e registrar achado operacional
2025-06-14,1,CA65926,0.960419,793-D 4S,Caminhao,manha,alertas recentes na janela de 4h,alto_acima_threshold,inspecionar primeiro e registrar achado operacional
2025-06-14,2,CA65928,0.960419,793-D 5S,Caminhao,manha,alertas recentes na janela de 4h,alto_acima_threshold,inspecionar primeiro e registrar achado operacional
2025-06-14,3,CA65924,0.959769,793-D 4S,Caminhao,tarde,alertas recentes na janela de 4h,alto_acima_threshold,inspecionar primeiro e registrar achado operacional
2025-06-14,4,CA65921,0.959212,793-D 4S,Caminhao,manha,alertas recentes na janela de 4h,alto_acima_threshold,inspecionar primeiro e registrar achado operacional
2025-06-14,5,CA65936,0.905599,793-D 5S,Caminhao,tarde,alertas recentes na janela de 4h,alto_acima_threshold,inspecionar primeiro e registrar achado operacional
2025-06-14,6,CA65935,0.904084,793-D 5S,Caminhao,manha,alertas recentes na janela de 4h,alto_acima_threshold,inspecionar primeiro e registrar achado operacional
2025-06-14,7,CA65932,0.882734,793-D 5S,Caminhao,noite,alertas recentes na janela de 4h,alto_acima_threshold,inspecionar primeiro e registrar achado operacional
2025-06-14,8,CA5927,0.858006,793-D 5S,Caminhao,noite,alertas recentes na janela de 4h,alto_acima_threshold,inspecionar primeiro e registrar achado operacional
2025-06-14,9,CA65792,0.855297,793-D 2S,Caminhao,manha,alertas recentes na janela de 4h,alto_acima_threshold,inspecionar primeiro e registrar achado operacional
2025-06-14,10,CA65909,0.816021,793-D 3S,Caminhao,noite,alertas recentes na janela de 4h,alto_acima_threshold,inspecionar primeiro e registrar achado operacional
2025-06-14,11,CA65937,0.758843,793-D 5S,Caminhao,manha,alertas recentes na janela de 4h,alto_acima_threshold,inspecionar primeiro e registrar achado operacional
2025-06-14,12,CA65933,0.758798,793-D 5S,Caminhao,manha,alertas recentes na janela de 4h,alto_acima_threshold,inspecionar primeiro e registrar achado operacional
2025-06-14,13,CA65934,0.690521,793-D 5S,Caminhao,manha,alertas recentes na janela de 4h,alto_acima_threshold,inspecionar primeiro e registrar achado operacional
2025-06-14,14,CA65931,0.521954,793-D 5S,Caminhao,noite,historico recente de alertas em 24h,alto_acima_threshold,inspecionar primeiro e registrar achado operacional
2025-06-14,15,CA65929,0.503025,793-D 5S,Caminhao,noite,maior score diario do modelo,alto_acima_threshold,inspecionar primeiro e registrar achado operacional
2025-06-15,1,CA65924,0.95987,793-D 4S,Caminhao,manha,alertas recentes na janela de 4h,alto_acima_threshold,inspecionar primeiro e registrar achado operacional
2025-06-15,2,CA65926,0.95987,793-D 4S,Caminhao,manha,alertas recentes na janela de 4h,alto_acima_threshold,inspecionar primeiro e registrar achado operacional
2025-06-15,3,CA65928,0.947623,793-D 5S,Caminhao,manha,alertas recentes na janela de 4h,alto_acima_threshold,inspecionar primeiro e registrar achado operacional
2025-06-15,4,CA65932,0.929682,793-D 5S,Caminhao,tarde,alertas recentes na janela de 4h,alto_acima_threshold,inspecionar primeiro e registrar achado operacional
2025-06-15,5,CA65936,0.892553,793-D 5S,Caminhao,noite,alertas recentes na janela de 4h,alto_acima_threshold,inspecionar primeiro e registrar achado operacional
2025-06-15,6,CA65931,0.823667,793-D 5S,Caminhao,tarde,alertas recentes na janela de 4h,alto_acima_threshold,inspecionar primeiro e registrar achado operacional
2025-06-15,7,CA65921,0.822176,793-D 4S,Caminhao,tarde,alertas recentes na janela de 4h,alto_acima_threshold,inspecionar primeiro e registrar achado operacional
2025-06-15,8,CA65909,0.773892,793-D 3S,Caminhao,tarde,alertas recentes na janela de 4h,alto_acima_threshold,inspecionar primeiro e registrar achado operacional
2025-06-15,9,CA65935,0.752756,793-D 5S,Caminhao,manha,alertas recentes na janela de 4h,alto_acima_threshold,inspecionar primeiro e registrar achado operacional
2025-06-15,10,CA5927,0.751376,793-D 5S,Caminhao,noite,alertas recentes na janela de 4h,alto_acima_threshold,inspecionar primeiro e registrar achado operacional
2025-06-15,11,CA65792,0.730058,793-D 2S,Caminhao,noite,alertas recentes na janela de 4h,alto_acima_threshold,inspecionar primeiro e registrar achado operacional
2025-06-15,12,CA65933,0.538951,793-D 5S,Caminhao,noite,historico recente de alertas em 24h,alto_acima_threshold,inspecionar primeiro e registrar achado operacional
2025-06-15,13,CA65793,0.513778,793-D 2S,Caminhao,noite,alertas recentes na janela de 4h,alto_acima_threshold,inspecionar primeiro e registrar achado operacional
2025-06-15,14,CA65789,0.504063,793-D 2S,Caminhao,tarde,alertas recentes na janela de 4h,alto_acima_threshold,inspecionar primeiro e registrar achado operacional
2025-06-15,15,CA65929,0.500483,793-D 5S,Caminhao,noite,maior score diario do modelo,alto_acima_threshold,inspecionar primeiro e registrar achado operacional
2025-06-16,1,CA65926,0.942789,793-D 4S,Caminhao,noite,alertas recentes na janela de 4h,alto_acima_threshold,inspecionar primeiro e registrar achado operacional
2025-06-16,2,CA65792,0.915916,793-D 2S,Caminhao,manha,alertas recentes na janela de 4h,alto_acima_threshold,inspecionar primeiro e registrar achado operacional
2025-06-16,3,CA5926,0.9025,793-D 5S,Caminhao,tarde,alertas recentes na janela de 4h,alto_acima_threshold,inspecionar primeiro e registrar achado operacional
2025-06-16,4,CA65909,0.880814,793-D 3S,Caminhao,manha,alertas recentes na janela de 4h,alto_acima_threshold,inspecionar primeiro e registrar achado operacional
2025-06-16,5,CA65931,0.880219,793-D 5S,Caminhao,tarde,alertas recentes na janela de 4h,alto_acima_threshold,inspecionar primeiro e registrar achado operacional
2025-06-16,6,CA65921,0.839803,793-D 4S,Caminhao,noite,alertas recentes na janela de 4h,alto_acima_threshold,inspecionar primeiro e registrar achado operacional
2025-06-16,7,CA65925,0.82957,793-D 4S,Caminhao,noite,alertas recentes na janela de 4h,alto_acima_threshold,inspecionar primeiro e registrar achado operacional
2025-06-16,8,CA65936,0.79473,793-D 5S,Caminhao,noite,alertas recentes na janela de 4h,alto_acima_threshold,inspecionar primeiro e registrar achado operacional
2025-06-16,9,CA5927,0.772242,793-D 5S,Caminhao,manha,alertas recentes na janela de 4h,alto_acima_threshold,inspecionar primeiro e registrar achado operacional
2025-06-16,10,CA65932,0.751052,793-D 5S,Caminhao,tarde,alertas recentes na janela de 4h,alto_acima_threshold,inspecionar primeiro e registrar achado operacional
2025-06-16,11,CA65933,0.748879,793-D 5S,Caminhao,tarde,alertas recentes na janela de 4h,alto_acima_threshold,inspecionar primeiro e registrar achado operacional
2025-06-16,12,CA65915,0.742664,793-D 4S,Caminhao,noite,alertas recentes na janela de 4h,alto_acima_threshold,inspecionar primeiro e registrar achado operacional
2025-06-16,13,CA65927,0.68448,793-D 5S,Caminhao,tarde,alertas recentes na janela de 4h,alto_acima_threshold,inspecionar primeiro e registrar achado operacional
2025-06-16,14,CA65924,0.635003,793-D 4S,Caminhao,tarde,alertas recentes na janela de 4h,alto_acima_threshold,inspecionar primeiro e registrar achado operacional
2025-06-16,15,CA65928,0.573246,793-D 5S,Caminhao,noite,historico recente de alertas em 24h,alto_acima_threshold,inspecionar primeiro e registrar achado operacional
2025-06-17,1,CA5926,0.903978,793-D 5S,Caminhao,noite,alertas recentes na janela de 4h,alto_acima_threshold,inspecionar primeiro e registrar achado operacional
2025-06-17,2,CA65921,0.884287,793-D 4S,Caminhao,manha,alertas recentes na janela de 4h,alto_acima_threshold,inspecionar primeiro e registrar achado operacional
2025-06-17,3,CA65909,0.878185,793-D 3S,Caminhao,tarde,alertas recentes na janela de 4h,alto_acima_threshold,inspecionar primeiro e registrar achado operacional
2025-06-17,4,CA65936,0.837974,793-D 5S,Caminhao,noite,alertas recentes na janela de 4h,alto_acima_threshold,inspecionar primeiro e registrar achado operacional
2025-06-17,5,CA65933,0.826005,793-D 5S,Caminhao,tarde,alertas recentes na janela de 4h,alto_acima_threshold,inspecionar primeiro e registrar achado operacional
2025-06-17,6,CA65928,0.808016,793-D 5S,Caminhao,noite,alertas recentes na janela de 4h,alto_acima_threshold,inspecionar primeiro e registrar achado operacional
2025-06-17,7,CA65937,0.778079,793-D 5S,Caminhao,tarde,alertas recentes na janela de 4h,alto_acima_threshold,inspecionar primeiro e registrar achado operacional
2025-06-17,8,CA65925,0.777463,793-D 4S,Caminhao,noite,alertas recentes na janela de 4h,alto_acima_threshold,inspecionar primeiro e registrar achado operacional
2025-06-17,9,CA65927,0.775235,793-D 5S,Caminhao,tarde,alertas recentes na janela de 4h,alto_acima_threshold,inspecionar primeiro e registrar achado operacional
2025-06-17,10,CA65930,0.774108,793-D 5S,Caminhao,noite,alertas recentes na janela de 4h,alto_acima_threshold,inspecionar primeiro e registrar achado operacional
2025-06-17,11,CA65926,0.747172,793-D 4S,Caminhao,noite,alertas recentes na janela de 4h,alto_acima_threshold,inspecionar primeiro e registrar achado operacional
2025-06-17,12,CA65929,0.740941,793-D 5S,Caminhao,manha,alertas recentes na janela de 4h,alto_acima_threshold,inspecionar primeiro e registrar achado operacional
2025-06-17,13,CA65931,0.735007,793-D 5S,Caminhao,noite,alertas recentes na janela de 4h,alto_acima_threshold,inspecionar primeiro e registrar achado operacional
2025-06-17,14,CA5927,0.632624,793-D 5S,Caminhao,tarde,alertas recentes na janela de 4h,alto_acima_threshold,inspecionar primeiro e registrar achado operacional
2025-06-17,15,CA65793,0.59254,793-D 2S,Caminhao,noite,alertas recentes na janela de 4h,alto_acima_threshold,inspecionar primeiro e registrar achado operacional
2025-06-18,1,CA5926,0.942893,793-D 5S,Caminhao,tarde,alertas recentes na janela de 4h,alto_acima_threshold,inspecionar primeiro e registrar achado operacional
2025-06-18,2,CA65930,0.883446,793-D 5S,Caminhao,manha,alertas recentes na janela de 4h,alto_acima_threshold,inspecionar primeiro e registrar achado operacional
2025-06-18,3,CA65925,0.878228,793-D 4S,Caminhao,tarde,alertas recentes na janela de 4h,alto_acima_threshold,inspecionar primeiro e registrar achado operacional
2025-06-18,4,CA65933,0.852303,793-D 5S,Caminhao,tarde,alertas recentes na janela de 4h,alto_acima_threshold,inspecionar primeiro e registrar achado operacional
2025-06-18,5,CA65909,0.839129,793-D 3S,Caminhao,tarde,alertas recentes na janela de 4h,alto_acima_threshold,inspecionar primeiro e registrar achado operacional
2025-06-18,6,CA65921,0.825238,793-D 4S,Caminhao,manha,alertas recentes na janela de 4h,alto_acima_threshold,inspecionar primeiro e registrar achado operacional
2025-06-18,7,CA65792,0.821195,793-D 2S,Caminhao,noite,alertas recentes na janela de 4h,alto_acima_threshold,inspecionar primeiro e registrar achado operacional
2025-06-18,8,CA65935,0.792548,793-D 5S,Caminhao,noite,alertas recentes na janela de 4h,alto_acima_threshold,inspecionar primeiro e registrar achado operacional
2025-06-18,9,CA65926,0.788304,793-D 4S,Caminhao,tarde,alertas recentes na janela de 4h,alto_acima_threshold,inspecionar primeiro e registrar achado operacional
2025-06-18,10,CA65927,0.765091,793-D 5S,Caminhao,manha,alertas recentes na janela de 4h,alto_acima_threshold,inspecionar primeiro e registrar achado operacional
2025-06-18,11,CA65936,0.736837,793-D 5S,Caminhao,tarde,alertas recentes na janela de 4h,alto_acima_threshold,inspecionar primeiro e registrar achado operacional
2025-06-18,12,CA65793,0.59254,793-D 2S,Caminhao,manha,alertas recentes na janela de 4h,alto_acima_threshold,inspecionar primeiro e registrar achado operacional
2025-06-18,13,CA65929,0.582127,793-D 5S,Caminhao,noite,alertas recentes na janela de 4h,alto_acima_threshold,inspecionar primeiro e registrar achado operacional
2025-06-18,14,CA5927,0.580901,793-D 5S,Caminhao,noite,historico recente de alertas em 24h,alto_acima_threshold,inspecionar primeiro e registrar achado operacional
2025-06-18,15,CA65789,0.533537,793-D 2S,Caminhao,manha,alertas recentes na janela de 4h,alto_acima_threshold,inspecionar primeiro e registrar achado operacional
2025-06-19,1,CA65933,0.959769,793-D 5S,Caminhao,manha,alertas recentes na janela de 4h,alto_acima_threshold,inspecionar primeiro e registrar achado operacional
2025-06-19,2,CA65909,0.959769,793-D 3S,Caminhao,manha,alertas recentes na janela de 4h,alto_acima_threshold,inspecionar primeiro e registrar achado operacional
2025-06-19,3,CA5926,0.943655,793-D 5S,Caminhao,noite,alertas recentes na janela de 4h,alto_acima_threshold,inspecionar primeiro e registrar achado operacional
2025-06-19,4,CA65925,0.916646,793-D 4S,Caminhao,tarde,alertas recentes na janela de 4h,alto_acima_threshold,inspecionar primeiro e registrar achado operacional
2025-06-19,5,CA65927,0.884668,793-D 5S,Caminhao,tarde,alertas recentes na janela de 4h,alto_acima_threshold,inspecionar primeiro e registrar achado operacional
2025-06-19,6,CA65937,0.850146,793-D 5S,Caminhao,tarde,alertas recentes na janela de 4h,alto_acima_threshold,inspecionar primeiro e registrar achado operacional
2025-06-19,7,CA65936,0.825339,793-D 5S,Caminhao,manha,alertas recentes na janela de 4h,alto_acima_threshold,inspecionar primeiro e registrar achado operacional
2025-06-19,8,CA5927,0.823887,793-D 5S,Caminhao,manha,alertas recentes na janela de 4h,alto_acima_threshold,inspecionar primeiro e registrar achado operacional
2025-06-19,9,CA65792,0.810934,793-D 2S,Caminhao,manha,alertas recentes na janela de 4h,alto_acima_threshold,inspecionar primeiro e registrar achado operacional
2025-06-19,10,CA65926,0.787869,793-D 4S,Caminhao,tarde,alertas recentes na janela de 4h,alto_acima_threshold,inspecionar primeiro e registrar achado operacional
2025-06-19,11,CA65924,0.764626,793-D 4S,Caminhao,noite,alertas recentes na janela de 4h,alto_acima_threshold,inspecionar primeiro e registrar achado operacional
2025-06-19,12,CA65915,0.669624,793-D 4S,Caminhao,manha,alertas recentes na janela de 4h,alto_acima_threshold,inspecionar primeiro e registrar achado operacional
2025-06-19,13,CA65930,0.583284,793-D 5S,Caminhao,noite,historico recente de alertas em 24h,alto_acima_threshold,inspecionar primeiro e registrar achado operacional
2025-06-19,14,CA65935,0.517464,793-D 5S,Caminhao,noite,alertas recentes na janela de 4h,alto_acima_threshold,inspecionar primeiro e registrar achado operacional
2025-06-19,15,CA65929,0.479126,793-D 5S,Caminhao,noite,aumento recente na duracao do ciclo,alto_acima_threshold,inspecionar primeiro e registrar achado operacional
2025-06-20,1,CA5926,0.92772,793-D 5S,Caminhao,tarde,alertas recentes na janela de 4h,alto_acima_threshold,inspecionar primeiro e registrar achado operacional
2025-06-20,2,CA65933,0.906856,793-D 5S,Caminhao,noite,alertas recentes na janela de 4h,alto_acima_threshold,inspecionar primeiro e registrar achado operacional
2025-06-20,3,CA65909,0.897869,793-D 3S,Caminhao,noite,alertas recentes na janela de 4h,alto_acima_threshold,inspecionar primeiro e registrar achado operacional
2025-06-20,4,CA65927,0.891988,793-D 5S,Caminhao,noite,alertas recentes na janela de 4h,alto_acima_threshold,inspecionar primeiro e registrar achado operacional
2025-06-20,5,CA65926,0.865388,793-D 4S,Caminhao,tarde,alertas recentes na janela de 4h,alto_acima_threshold,inspecionar primeiro e registrar achado operacional
2025-06-20,6,CA65935,0.836071,793-D 5S,Caminhao,tarde,alertas recentes na janela de 4h,alto_acima_threshold,inspecionar primeiro e registrar achado operacional
2025-06-20,7,CA65932,0.823073,793-D 5S,Caminhao,tarde,alertas recentes na janela de 4h,alto_acima_threshold,inspecionar primeiro e registrar achado operacional
2025-06-20,8,CA5927,0.805846,793-D 5S,Caminhao,tarde,alertas recentes na janela de 4h,alto_acima_threshold,inspecionar primeiro e registrar achado operacional
2025-06-20,9,CA65924,0.804829,793-D 4S,Caminhao,tarde,alertas recentes na janela de 4h,alto_acima_threshold,inspecionar primeiro e registrar achado operacional
2025-06-20,10,CA65934,0.755641,793-D 5S,Caminhao,noite,alertas recentes na janela de 4h,alto_acima_threshold,inspecionar primeiro e registrar achado operacional
2025-06-20,11,CA65931,0.752798,793-D 5S,Caminhao,noite,alertas recentes na janela de 4h,alto_acima_threshold,inspecionar primeiro e registrar achado operacional
2025-06-20,12,CA65936,0.636594,793-D 5S,Caminhao,noite,alertas recentes na janela de 4h,alto_acima_threshold,inspecionar primeiro e registrar achado operacional
2025-06-20,13,CA65921,0.617662,793-D 4S,Caminhao,noite,alertas recentes na janela de 4h,alto_acima_threshold,inspecionar primeiro e registrar achado operacional
2025-06-20,14,CA65925,0.583259,793-D 4S,Caminhao,noite,historico recente de alertas em 24h,alto_acima_threshold,inspecionar primeiro e registrar achado operacional
2025-06-20,15,CA65916,0.513778,793-D 4S,Caminhao,noite,alertas recentes na janela de 4h,alto_acima_threshold,inspecionar primeiro e registrar achado operacional
2025-06-21,1,CA65927,0.954593,793-D 5S,Caminhao,tarde,alertas recentes na janela de 4h,alto_acima_threshold,inspecionar primeiro e registrar achado operacional
2025-06-21,2,CA65909,0.922173,793-D 3S,Caminhao,tarde,alertas recentes na janela de 4h,alto_acima_threshold,inspecionar primeiro e registrar achado operacional
2025-06-21,3,CA65933,0.902429,793-D 5S,Caminhao,manha,alertas recentes na janela de 4h,alto_acima_threshold,inspecionar primeiro e registrar achado operacional
2025-06-21,4,CA65926,0.845668,793-D 4S,Caminhao,manha,alertas recentes na janela de 4h,alto_acima_threshold,inspecionar primeiro e registrar achado operacional
2025-06-21,5,CA65935,0.819602,793-D 5S,Caminhao,noite,alertas recentes na janela de 4h,alto_acima_threshold,inspecionar primeiro e registrar achado operacional
2025-06-21,6,CA65924,0.818528,793-D 4S,Caminhao,manha,alertas recentes na janela de 4h,alto_acima_threshold,inspecionar primeiro e registrar achado operacional
2025-06-21,7,CA5926,0.803941,793-D 5S,Caminhao,noite,alertas recentes na janela de 4h,alto_acima_threshold,inspecionar primeiro e registrar achado operacional
2025-06-21,8,CA65932,0.784505,793-D 5S,Caminhao,manha,alertas recentes na janela de 4h,alto_acima_threshold,inspecionar primeiro e registrar achado operacional
2025-06-21,9,CA5927,0.773756,793-D 5S,Caminhao,tarde,alertas recentes na janela de 4h,alto_acima_threshold,inspecionar primeiro e registrar achado operacional
2025-06-21,10,CA65792,0.772138,793-D 2S,Caminhao,manha,alertas recentes na janela de 4h,alto_acima_threshold,inspecionar primeiro e registrar achado operacional
2025-06-21,11,CA65936,0.768578,793-D 5S,Caminhao,noite,alertas recentes na janela de 4h,alto_acima_threshold,inspecionar primeiro e registrar achado operacional
2025-06-21,12,CA65934,0.754098,793-D 5S,Caminhao,noite,alertas recentes na janela de 4h,alto_acima_threshold,inspecionar primeiro e registrar achado operacional
2025-06-21,13,CA65925,0.750182,793-D 4S,Caminhao,manha,alertas recentes na janela de 4h,alto_acima_threshold,inspecionar primeiro e registrar achado operacional
2025-06-21,14,CA65928,0.619268,793-D 5S,Caminhao,manha,alertas recentes na janela de 4h,alto_acima_threshold,inspecionar primeiro e registrar achado operacional
2025-06-21,15,CA65931,0.505198,793-D 5S,Caminhao,manha,aumento recente na duracao do ciclo,alto_acima_threshold,inspecionar primeiro e registrar achado operacional
2025-06-22,1,CA65926,0.960419,793-D 4S,Caminhao,tarde,alertas recentes na janela de 4h,alto_acima_threshold,inspecionar primeiro e registrar achado operacional
2025-06-22,2,CA5926,0.960419,793-D 5S,Caminhao,manha,alertas recentes na janela de 4h,alto_acima_threshold,inspecionar primeiro e registrar achado operacional
2025-06-22,3,CA65927,0.960419,793-D 5S,Caminhao,manha,alertas recentes na janela de 4h,alto_acima_threshold,inspecionar primeiro e registrar achado operacional
2025-06-22,4,CA65933,0.955094,793-D 5S,Caminhao,manha,alertas recentes na janela de 4h,alto_acima_threshold,inspecionar primeiro e registrar achado operacional
2025-06-22,5,CA65909,0.927285,793-D 3S,Caminhao,noite,alertas recentes na janela de 4h,alto_acima_threshold,inspecionar primeiro e registrar achado operacional
2025-06-22,6,CA65924,0.858235,793-D 4S,Caminhao,tarde,alertas recentes na janela de 4h,alto_acima_threshold,inspecionar primeiro e registrar achado operacional
2025-06-22,7,CA65792,0.836154,793-D 2S,Caminhao,manha,alertas recentes na janela de 4h,alto_acima_threshold,inspecionar primeiro e registrar achado operacional
2025-06-22,8,CA65934,0.820155,793-D 5S,Caminhao,manha,alertas recentes na janela de 4h,alto_acima_threshold,inspecionar primeiro e registrar achado operacional
2025-06-22,9,CA65935,0.806964,793-D 5S,Caminhao,tarde,alertas recentes na janela de 4h,alto_acima_threshold,inspecionar primeiro e registrar achado operacional
2025-06-22,10,CA65930,0.783272,793-D 5S,Caminhao,tarde,alertas recentes na janela de 4h,alto_acima_threshold,inspecionar primeiro e registrar achado operacional
2025-06-22,11,CA65932,0.759086,793-D 5S,Caminhao,noite,alertas recentes na janela de 4h,alto_acima_threshold,inspecionar primeiro e registrar achado operacional
2025-06-22,12,CA65936,0.756446,793-D 5S,Caminhao,tarde,alertas recentes na janela de 4h,alto_acima_threshold,inspecionar primeiro e registrar achado operacional
2025-06-22,13,CA65929,0.731546,793-D 5S,Caminhao,tarde,alertas recentes na janela de 4h,alto_acima_threshold,inspecionar primeiro e registrar achado operacional
2025-06-22,14,CA65921,0.645445,793-D 4S,Caminhao,noite,alertas recentes na janela de 4h,alto_acima_threshold,inspecionar primeiro e registrar achado operacional
2025-06-22,15,CA5927,0.520939,793-D 5S,Caminhao,tarde,aumento recente na duracao do ciclo,alto_acima_threshold,inspecionar primeiro e registrar achado operacional
2025-06-23,1,CA65926,0.960419,793-D 4S,Caminhao,noite,alertas recentes na janela de 4h,alto_acima_threshold,inspecionar primeiro e registrar achado operacional
2025-06-23,2,CA65927,0.959046,793-D 5S,Caminhao,noite,alertas recentes na janela de 4h,alto_acima_threshold,inspecionar primeiro e registrar achado operacional
2025-06-23,3,CA5926,0.955094,793-D 5S,Caminhao,manha,alertas recentes na janela de 4h,alto_acima_threshold,inspecionar primeiro e registrar achado operacional
2025-06-23,4,CA65933,0.948264,793-D 5S,Caminhao,noite,alertas recentes na janela de 4h,alto_acima_threshold,inspecionar primeiro e registrar achado operacional
2025-06-23,5,CA65935,0.881282,793-D 5S,Caminhao,manha,alertas recentes na janela de 4h,alto_acima_threshold,inspecionar primeiro e registrar achado operacional
2025-06-23,6,CA5927,0.859278,793-D 5S,Caminhao,tarde,alertas recentes na janela de 4h,alto_acima_threshold,inspecionar primeiro e registrar achado operacional
2025-06-23,7,CA65936,0.855755,793-D 5S,Caminhao,tarde,alertas recentes na janela de 4h,alto_acima_threshold,inspecionar primeiro e registrar achado operacional
2025-06-23,8,CA65931,0.792148,793-D 5S,Caminhao,tarde,alertas recentes na janela de 4h,alto_acima_threshold,inspecionar primeiro e registrar achado operacional
2025-06-23,9,CA65929,0.769927,793-D 5S,Caminhao,noite,alertas recentes na janela de 4h,alto_acima_threshold,inspecionar primeiro e registrar achado operacional
2025-06-23,10,CA65932,0.757959,793-D 5S,Caminhao,noite,alertas recentes na janela de 4h,alto_acima_threshold,inspecionar primeiro e registrar achado operacional
2025-06-23,11,CA65930,0.736256,793-D 5S,Caminhao,noite,alertas recentes na janela de 4h,alto_acima_threshold,inspecionar primeiro e registrar achado operacional
2025-06-23,12,CA65921,0.724577,793-D 4S,Caminhao,tarde,alertas recentes na janela de 4h,alto_acima_threshold,inspecionar primeiro e registrar achado operacional
2025-06-23,13,CA65928,0.702722,793-D 5S,Caminhao,manha,alertas recentes na janela de 4h,alto_acima_threshold,inspecionar primeiro e registrar achado operacional
2025-06-23,14,CA65909,0.64877,793-D 3S,Caminhao,noite,alertas recentes na janela de 4h,alto_acima_threshold,inspecionar primeiro e registrar achado operacional
2025-06-23,15,CA65924,0.596362,793-D 4S,Caminhao,noite,historico recente de alertas em 24h,alto_acima_threshold,inspecionar primeiro e registrar achado operacional
2025-06-24,1,CA65926,0.960419,793-D 4S,Caminhao,noite,alertas recentes na janela de 4h,alto_acima_threshold,inspecionar primeiro e registrar achado operacional
2025-06-24,2,CA65933,0.959769,793-D 5S,Caminhao,manha,alertas recentes na janela de 4h,alto_acima_threshold,inspecionar primeiro e registrar achado operacional
2025-06-24,3,CA65909,0.955448,793-D 3S,Caminhao,manha,alertas recentes na janela de 4h,alto_acima_threshold,inspecionar primeiro e registrar achado operacional
2025-06-24,4,CA5926,0.946032,793-D 5S,Caminhao,noite,alertas recentes na janela de 4h,alto_acima_threshold,inspecionar primeiro e registrar achado operacional
2025-06-24,5,CA65792,0.887291,793-D 2S,Caminhao,noite,alertas recentes na janela de 4h,alto_acima_threshold,inspecionar primeiro e registrar achado operacional
2025-06-24,6,CA65931,0.882395,793-D 5S,Caminhao,manha,alertas recentes na janela de 4h,alto_acima_threshold,inspecionar primeiro e registrar achado operacional
2025-06-24,7,CA65936,0.852618,793-D 5S,Caminhao,tarde,alertas recentes na janela de 4h,alto_acima_threshold,inspecionar primeiro e registrar achado operacional
2025-06-24,8,CA5927,0.84351,793-D 5S,Caminhao,noite,alertas recentes na janela de 4h,alto_acima_threshold,inspecionar primeiro e registrar achado operacional
2025-06-24,9,CA65930,0.821878,793-D 5S,Caminhao,manha,alertas recentes na janela de 4h,alto_acima_threshold,inspecionar primeiro e registrar achado operacional
2025-06-24,10,CA65928,0.811692,793-D 5S,Caminhao,manha,alertas recentes na janela de 4h,alto_acima_threshold,inspecionar primeiro e registrar achado operacional
2025-06-24,11,CA65921,0.785167,793-D 4S,Caminhao,noite,alertas recentes na janela de 4h,alto_acima_threshold,inspecionar primeiro e registrar achado operacional
2025-06-24,12,CA65927,0.760411,793-D 5S,Caminhao,manha,alertas recentes na janela de 4h,alto_acima_threshold,inspecionar primeiro e registrar achado operacional
2025-06-24,13,CA65790,0.653045,793-D 2S,Caminhao,noite,alertas recentes na janela de 4h,alto_acima_threshold,inspecionar primeiro e registrar achado operacional
2025-06-24,14,CA65935,0.557012,793-D 5S,Caminhao,noite,historico recente de alertas em 24h,alto_acima_threshold,inspecionar primeiro e registrar achado operacional
2025-06-24,15,CA65929,0.477347,793-D 5S,Caminhao,manha,aumento recente na duracao do ciclo,alto_acima_threshold,inspecionar primeiro e registrar achado operacional
2025-06-25,1,CA65926,0.960419,793-D 4S,Caminhao,noite,alertas recentes na janela de 4h,alto_acima_threshold,inspecionar primeiro e registrar achado operacional
2025-06-25,2,CA65927,0.959769,793-D 5S,Caminhao,manha,alertas recentes na janela de 4h,alto_acima_threshold,inspecionar primeiro e registrar achado operacional
2025-06-25,3,CA65909,0.945403,793-D 3S,Caminhao,noite,alertas recentes na janela de 4h,alto_acima_threshold,inspecionar primeiro e registrar achado operacional
2025-06-25,4,CA65933,0.898213,793-D 5S,Caminhao,noite,alertas recentes na janela de 4h,alto_acima_threshold,inspecionar primeiro e registrar achado operacional
2025-06-25,5,CA65936,0.852733,793-D 5S,Caminhao,tarde,alertas recentes na janela de 4h,alto_acima_threshold,inspecionar primeiro e registrar achado operacional
2025-06-25,6,CA65931,0.839307,793-D 5S,Caminhao,noite,alertas recentes na janela de 4h,alto_acima_threshold,inspecionar primeiro e registrar achado operacional
2025-06-25,7,CA65792,0.815476,793-D 2S,Caminhao,noite,alertas recentes na janela de 4h,alto_acima_threshold,inspecionar primeiro e registrar achado operacional
2025-06-25,8,CA65929,0.771933,793-D 5S,Caminhao,tarde,alertas recentes na janela de 4h,alto_acima_threshold,inspecionar primeiro e registrar achado operacional
2025-06-25,9,CA5927,0.770675,793-D 5S,Caminhao,noite,alertas recentes na janela de 4h,alto_acima_threshold,inspecionar primeiro e registrar achado operacional
2025-06-25,10,CA5926,0.741043,793-D 5S,Caminhao,tarde,alertas recentes na janela de 4h,alto_acima_threshold,inspecionar primeiro e registrar achado operacional
2025-06-25,11,CA65930,0.672718,793-D 5S,Caminhao,noite,alertas recentes na janela de 4h,alto_acima_threshold,inspecionar primeiro e registrar achado operacional
2025-06-25,12,CA65928,0.504649,793-D 5S,Caminhao,noite,historico recente de alertas em 24h,alto_acima_threshold,inspecionar primeiro e registrar achado operacional
2025-06-25,13,CA65934,0.428551,793-D 5S,Caminhao,tarde,maior score diario do modelo,alto_acima_threshold,inspecionar primeiro e registrar achado operacional
2025-06-25,14,CA65935,0.404353,793-D 5S,Caminhao,noite,maior score diario do modelo,alto_acima_threshold,inspecionar primeiro e registrar achado operacional
2025-06-25,15,CA65921,0.375352,793-D 4S,Caminhao,noite,historico recente de alertas em 24h,monitorar_por_ranking,monitorar no painel e reavaliar no proximo ciclo
2025-06-26,1,CA65909,0.960419,793-D 3S,Caminhao,tarde,alertas recentes na janela de 4h,alto_acima_threshold,inspecionar primeiro e registrar achado operacional
2025-06-26,2,CA65926,0.960419,793-D 4S,Caminhao,manha,alertas recentes na janela de 4h,alto_acima_threshold,inspecionar primeiro e registrar achado operacional
2025-06-26,3,CA65932,0.958374,793-D 5S,Caminhao,tarde,alertas recentes na janela de 4h,alto_acima_threshold,inspecionar primeiro e registrar achado operacional
2025-06-26,4,CA5927,0.906006,793-D 5S,Caminhao,tarde,alertas recentes na janela de 4h,alto_acima_threshold,inspecionar primeiro e registrar achado operacional
2025-06-26,5,CA65931,0.824693,793-D 5S,Caminhao,tarde,alertas recentes na janela de 4h,alto_acima_threshold,inspecionar primeiro e registrar achado operacional
2025-06-26,6,CA65935,0.819054,793-D 5S,Caminhao,manha,alertas recentes na janela de 4h,alto_acima_threshold,inspecionar primeiro e registrar achado operacional
2025-06-26,7,CA65933,0.777337,793-D 5S,Caminhao,manha,alertas recentes na janela de 4h,alto_acima_threshold,inspecionar primeiro e registrar achado operacional
2025-06-26,8,CA65929,0.756718,793-D 5S,Caminhao,manha,alertas recentes na janela de 4h,alto_acima_threshold,inspecionar primeiro e registrar achado operacional
2025-06-26,9,CA65925,0.753757,793-D 4S,Caminhao,manha,alertas recentes na janela de 4h,alto_acima_threshold,inspecionar primeiro e registrar achado operacional
2025-06-26,10,CA65921,0.751227,793-D 4S,Caminhao,tarde,alertas recentes na janela de 4h,alto_acima_threshold,inspecionar primeiro e registrar achado operacional
2025-06-26,11,CA65928,0.72989,793-D 5S,Caminhao,manha,alertas recentes na janela de 4h,alto_acima_threshold,inspecionar primeiro e registrar achado operacional
2025-06-26,12,CA65915,0.670394,793-D 4S,Caminhao,noite,alertas recentes na janela de 4h,alto_acima_threshold,inspecionar primeiro e registrar achado operacional
2025-06-26,13,CA65936,0.67031,793-D 5S,Caminhao,noite,alertas recentes na janela de 4h,alto_acima_threshold,inspecionar primeiro e registrar achado operacional
2025-06-26,14,CA65789,0.652336,793-D 2S,Caminhao,manha,alertas recentes na janela de 4h,alto_acima_threshold,inspecionar primeiro e registrar achado operacional
2025-06-26,15,CA65790,0.652229,793-D 2S,Caminhao,manha,alertas recentes na janela de 4h,alto_acima_threshold,inspecionar primeiro e registrar achado operacional
2025-06-27,1,CA65926,0.960419,793-D 4S,Caminhao,noite,alertas recentes na janela de 4h,alto_acima_threshold,inspecionar primeiro e registrar achado operacional
2025-06-27,2,CA65909,0.959092,793-D 3S,Caminhao,manha,alertas recentes na janela de 4h,alto_acima_threshold,inspecionar primeiro e registrar achado operacional
2025-06-27,3,CA65932,0.944562,793-D 5S,Caminhao,noite,alertas recentes na janela de 4h,alto_acima_threshold,inspecionar primeiro e registrar achado operacional
2025-06-27,4,CA65933,0.916646,793-D 5S,Caminhao,noite,alertas recentes na janela de 4h,alto_acima_threshold,inspecionar primeiro e registrar achado operacional
2025-06-27,5,CA65935,0.890472,793-D 5S,Caminhao,noite,alertas recentes na janela de 4h,alto_acima_threshold,inspecionar primeiro e registrar achado operacional
2025-06-27,6,CA65925,0.880814,793-D 4S,Caminhao,manha,alertas recentes na janela de 4h,alto_acima_threshold,inspecionar primeiro e registrar achado operacional
2025-06-27,7,CA65937,0.857128,793-D 5S,Caminhao,manha,alertas recentes na janela de 4h,alto_acima_threshold,inspecionar primeiro e registrar achado operacional
2025-06-27,8,CA5927,0.852081,793-D 5S,Caminhao,manha,alertas recentes na janela de 4h,alto_acima_threshold,inspecionar primeiro e registrar achado operacional
2025-06-27,9,CA65792,0.765902,793-D 2S,Caminhao,noite,alertas recentes na janela de 4h,alto_acima_threshold,inspecionar primeiro e registrar achado operacional
2025-06-27,10,CA65921,0.742493,793-D 4S,Caminhao,noite,alertas recentes na janela de 4h,alto_acima_threshold,inspecionar primeiro e registrar achado operacional
2025-06-27,11,CA65931,0.524358,793-D 5S,Caminhao,noite,historico recente de alertas em 24h,alto_acima_threshold,inspecionar primeiro e registrar achado operacional
2025-06-27,12,CA65929,0.502988,793-D 5S,Caminhao,noite,historico recente de alertas em 24h,alto_acima_threshold,inspecionar primeiro e registrar achado operacional
2025-06-27,13,PE3795,0.492597,LeTourneau L 1850,Escavadeira,manha,alertas recentes na janela de 4h,alto_acima_threshold,inspecionar primeiro e registrar achado operacional
2025-06-27,14,CA65928,0.487872,793-D 5S,Caminhao,manha,Tag com alta recorrencia operacional,alto_acima_threshold,inspecionar primeiro e registrar achado operacional
2025-06-27,15,CA5926,0.418896,793-D 5S,Caminhao,manha,historico recente de alertas em 24h,alto_acima_threshold,inspecionar primeiro e registrar achado operacional
2025-06-28,1,CA65926,0.960419,793-D 4S,Caminhao,noite,alertas recentes na janela de 4h,alto_acima_threshold,inspecionar primeiro e registrar achado operacional
2025-06-28,2,CA65927,0.953357,793-D 5S,Caminhao,manha,alertas recentes na janela de 4h,alto_acima_threshold,inspecionar primeiro e registrar achado operacional
2025-06-28,3,CA5927,0.926708,793-D 5S,Caminhao,noite,alertas recentes na janela de 4h,alto_acima_threshold,inspecionar primeiro e registrar achado operacional
2025-06-28,4,CA5926,0.905599,793-D 5S,Caminhao,tarde,alertas recentes na janela de 4h,alto_acima_threshold,inspecionar primeiro e registrar achado operacional
2025-06-28,5,CA65909,0.903388,793-D 3S,Caminhao,manha,alertas recentes na janela de 4h,alto_acima_threshold,inspecionar primeiro e registrar achado operacional
2025-06-28,6,CA65935,0.881842,793-D 5S,Caminhao,manha,alertas recentes na janela de 4h,alto_acima_threshold,inspecionar primeiro e registrar achado operacional
2025-06-28,7,CA65937,0.770954,793-D 5S,Caminhao,tarde,alertas recentes na janela de 4h,alto_acima_threshold,inspecionar primeiro e registrar achado operacional
2025-06-28,8,CA65925,0.732629,793-D 4S,Caminhao,tarde,alertas recentes na janela de 4h,alto_acima_threshold,inspecionar primeiro e registrar achado operacional
2025-06-28,9,CA65930,0.730519,793-D 5S,Caminhao,manha,alertas recentes na janela de 4h,alto_acima_threshold,inspecionar primeiro e registrar achado operacional
2025-06-28,10,CA65934,0.721508,793-D 5S,Caminhao,tarde,alertas recentes na janela de 4h,alto_acima_threshold,inspecionar primeiro e registrar achado operacional
2025-06-28,11,CA65933,0.595898,793-D 5S,Caminhao,noite,historico recente de alertas em 24h,alto_acima_threshold,inspecionar primeiro e registrar achado operacional
2025-06-28,12,CA65792,0.514515,793-D 2S,Caminhao,noite,historico recente de alertas em 24h,alto_acima_threshold,inspecionar primeiro e registrar achado operacional
2025-06-28,13,CA65916,0.508411,793-D 4S,Caminhao,noite,alertas recentes na janela de 4h,alto_acima_threshold,inspecionar primeiro e registrar achado operacional
2025-06-28,14,CA65929,0.47246,793-D 5S,Caminhao,noite,maior score diario do modelo,alto_acima_threshold,inspecionar primeiro e registrar achado operacional
2025-06-28,15,CA65931,0.471808,793-D 5S,Caminhao,noite,aumento recente na duracao do ciclo,alto_acima_threshold,inspecionar primeiro e registrar achado operacional
2025-06-29,1,CA65926,0.960419,793-D 4S,Caminhao,noite,alertas recentes na janela de 4h,alto_acima_threshold,inspecionar primeiro e registrar achado operacional
2025-06-29,2,CA5927,0.959769,793-D 5S,Caminhao,tarde,alertas recentes na janela de 4h,alto_acima_threshold,inspecionar primeiro e registrar achado operacional
2025-06-29,3,CA5926,0.954474,793-D 5S,Caminhao,noite,alertas recentes na janela de 4h,alto_acima_threshold,inspecionar primeiro e registrar achado operacional
2025-06-29,4,CA65909,0.953596,793-D 3S,Caminhao,noite,alertas recentes na janela de 4h,alto_acima_threshold,inspecionar primeiro e registrar achado operacional
2025-06-29,5,CA65927,0.948944,793-D 5S,Caminhao,noite,alertas recentes na janela de 4h,alto_acima_threshold,inspecionar primeiro e registrar achado operacional
2025-06-29,6,CA65915,0.85229,793-D 4S,Caminhao,noite,alertas recentes na janela de 4h,alto_acima_threshold,inspecionar primeiro e registrar achado operacional
2025-06-29,7,CA65937,0.829243,793-D 5S,Caminhao,manha,alertas recentes na janela de 4h,alto_acima_threshold,inspecionar primeiro e registrar achado operacional
2025-06-29,8,CA65932,0.790263,793-D 5S,Caminhao,tarde,alertas recentes na janela de 4h,alto_acima_threshold,inspecionar primeiro e registrar achado operacional
2025-06-29,9,CA65792,0.764486,793-D 2S,Caminhao,tarde,alertas recentes na janela de 4h,alto_acima_threshold,inspecionar primeiro e registrar achado operacional
2025-06-29,10,CA65921,0.75571,793-D 4S,Caminhao,noite,alertas recentes na janela de 4h,alto_acima_threshold,inspecionar primeiro e registrar achado operacional
2025-06-29,11,CA65935,0.750628,793-D 5S,Caminhao,manha,alertas recentes na janela de 4h,alto_acima_threshold,inspecionar primeiro e registrar achado operacional
2025-06-29,12,CA65928,0.721942,793-D 5S,Caminhao,manha,alertas recentes na janela de 4h,alto_acima_threshold,inspecionar primeiro e registrar achado operacional
2025-06-29,13,CA65790,0.57207,793-D 2S,Caminhao,noite,alertas recentes na janela de 4h,alto_acima_threshold,inspecionar primeiro e registrar achado operacional
2025-06-29,14,CA65934,0.557688,793-D 5S,Caminhao,noite,historico recente de alertas em 24h,alto_acima_threshold,inspecionar primeiro e registrar achado operacional
2025-06-29,15,CA65789,0.511896,793-D 2S,Caminhao,tarde,alertas recentes na janela de 4h,alto_acima_threshold,inspecionar primeiro e registrar achado operacional
2025-06-30,1,CA65927,0.960419,793-D 5S,Caminhao,noite,alertas recentes na janela de 4h,alto_acima_threshold,inspecionar primeiro e registrar achado operacional
2025-06-30,2,CA65926,0.960419,793-D 4S,Caminhao,noite,alertas recentes na janela de 4h,alto_acima_threshold,inspecionar primeiro e registrar achado operacional
2025-06-30,3,CA5927,0.958901,793-D 5S,Caminhao,manha,alertas recentes na janela de 4h,alto_acima_threshold,inspecionar primeiro e registrar achado operacional
2025-06-30,4,CA65909,0.932975,793-D 3S,Caminhao,manha,alertas recentes na janela de 4h,alto_acima_threshold,inspecionar primeiro e registrar achado operacional
2025-06-30,5,CA65934,0.888784,793-D 5S,Caminhao,tarde,alertas recentes na janela de 4h,alto_acima_threshold,inspecionar primeiro e registrar achado operacional
2025-06-30,6,CA5926,0.828225,793-D 5S,Caminhao,noite,alertas recentes na janela de 4h,alto_acima_threshold,inspecionar primeiro e registrar achado operacional
2025-06-30,7,CA65930,0.822777,793-D 5S,Caminhao,noite,alertas recentes na janela de 4h,alto_acima_threshold,inspecionar primeiro e registrar achado operacional
2025-06-30,8,CA65928,0.812896,793-D 5S,Caminhao,tarde,alertas recentes na janela de 4h,alto_acima_threshold,inspecionar primeiro e registrar achado operacional
2025-06-30,9,CA65929,0.755024,793-D 5S,Caminhao,manha,alertas recentes na janela de 4h,alto_acima_threshold,inspecionar primeiro e registrar achado operacional
2025-06-30,10,CA65792,0.73039,793-D 2S,Caminhao,noite,alertas recentes na janela de 4h,alto_acima_threshold,inspecionar primeiro e registrar achado operacional
2025-06-30,11,CA65793,0.667467,793-D 2S,Caminhao,manha,alertas recentes na janela de 4h,alto_acima_threshold,inspecionar primeiro e registrar achado operacional
2025-06-30,12,CA65915,0.487921,793-D 4S,Caminhao,noite,historico recente de alertas em 24h,alto_acima_threshold,inspecionar primeiro e registrar achado operacional
2025-06-30,13,CA65937,0.473678,793-D 5S,Caminhao,noite,historico recente de alertas em 24h,alto_acima_threshold,inspecionar primeiro e registrar achado operacional
2025-06-30,14,CA65925,0.438259,793-D 4S,Caminhao,noite,maior score diario do modelo,alto_acima_threshold,inspecionar primeiro e registrar achado operacional
2025-06-30,15,CA65935,0.437579,793-D 5S,Caminhao,noite,historico recente de alertas em 24h,alto_acima_threshold,inspecionar primeiro e registrar achado operacional
2025-07-01,1,CA65926,0.960419,793-D 4S,Caminhao,noite,alertas recentes na janela de 4h,alto_acima_threshold,inspecionar primeiro e registrar achado operacional
2025-07-01,2,CA5927,0.959769,793-D 5S,Caminhao,noite,alertas recentes na janela de 4h,alto_acima_threshold,inspecionar primeiro e registrar achado operacional
2025-07-01,3,CA65927,0.958104,793-D 5S,Caminhao,noite,alertas recentes na janela de 4h,alto_acima_threshold,inspecionar primeiro e registrar achado operacional
2025-07-01,4,CA65935,0.820099,793-D 5S,Caminhao,noite,alertas recentes na janela de 4h,alto_acima_threshold,inspecionar primeiro e registrar achado operacional
2025-07-01,5,CA65909,0.578682,793-D 3S,Caminhao,noite,historico recente de alertas em 24h,alto_acima_threshold,inspecionar primeiro e registrar achado operacional
2025-07-01,6,CA65790,0.541974,793-D 2S,Caminhao,noite,alertas recentes na janela de 4h,alto_acima_threshold,inspecionar primeiro e registrar achado operacional
2025-07-01,7,CA65930,0.52558,793-D 5S,Caminhao,noite,historico recente de alertas em 24h,alto_acima_threshold,inspecionar primeiro e registrar achado operacional
2025-07-01,8,CA65928,0.511357,793-D 5S,Caminhao,noite,alertas recentes na janela de 4h,alto_acima_threshold,inspecionar primeiro e registrar achado operacional
2025-07-01,9,CA65789,0.496903,793-D 2S,Caminhao,noite,alertas recentes na janela de 4h,alto_acima_threshold,inspecionar primeiro e registrar achado operacional
2025-07-01,10,CA65792,0.484409,793-D 2S,Caminhao,noite,historico recente de alertas em 24h,alto_acima_threshold,inspecionar primeiro e registrar achado operacional
2025-07-01,11,CA65929,0.451515,793-D 5S,Caminhao,noite,historico recente de alertas em 24h,alto_acima_threshold,inspecionar primeiro e registrar achado operacional
2025-07-01,12,CA65937,0.398685,793-D 5S,Caminhao,noite,maior score diario do modelo,alto_acima_threshold,inspecionar primeiro e registrar achado operacional
2025-07-01,13,CA5926,0.395525,793-D 5S,Caminhao,noite,historico recente de alertas em 24h,alto_acima_threshold,inspecionar primeiro e registrar achado operacional
2025-07-01,14,CA65931,0.385293,793-D 5S,Caminhao,noite,aumento recente na duracao do ciclo,alto_acima_threshold,inspecionar primeiro e registrar achado operacional
2025-07-01,15,CA65936,0.381521,793-D 5S,Caminhao,noite,aumento recente na duracao do ciclo,alto_acima_threshold,inspecionar primeiro e registrar achado operacional
