model_name,trial_number,state,selection_score,params_json,role,estimator,fit_seconds,threshold,eligible_for_selection,threshold_target_met,threshold_target_recall,threshold_achieved_recall,threshold_alert_rate,threshold_degenerate,train_threshold,train_recall,train_precision,train_f1,train_auc_pr,train_auc_roc,train_top15_precision_at_k,train_top15_recall_at_k,train_top15_lift_vs_random,train_top15_alerts_per_day,val_threshold,val_recall,val_precision,val_f1,val_auc_pr,val_auc_roc,val_top15_precision_at_k,val_top15_recall_at_k,val_top15_lift_vs_random,val_top15_alerts_per_day
lightgbm_optuna,0,COMPLETE,859835.7871878683,"{""colsample_bytree"": 0.7467983561008608, ""learning_rate"": 0.09107372211876884, ""min_child_samples"": 120, ""n_estimators"": 493, ""num_leaves"": 50, ""reg_alpha"": 0.17425083650459838, ""reg_lambda"": 4.450524026952673, ""scale_pos_weight"": 3.7994041347236855, ""subsample"": 0.7468055921327309, ""subsample_freq"": 1}",official_candidate,LGBMClassifier,4.925,0.18708256995422323,True,True,0.8,0.8013309302647996,0.41999964495570824,False,0.18708256995422323,0.999418668023108,0.39252816564754234,0.5636709204452892,0.9106442258575209,0.9762345849784277,0.9396825396825397,0.869309838472834,2.5140992471388945,15.0,0.18708256995422323,0.8013309302647996,0.2443044930047762,0.3744493392070485,0.4411914212849699,0.8120236648964372,0.7547619047619047,0.8590785907859079,2.4340560072267388,15.0
lightgbm_optuna,1,COMPLETE,867973.0343829497,"{""colsample_bytree"": 0.7637017332034828, ""learning_rate"": 0.057474929221851684, ""min_child_samples"": 176, ""n_estimators"": 641, ""num_leaves"": 16, ""reg_alpha"": 0.5454749016213019, ""reg_lambda"": 0.22337537071469843, ""scale_pos_weight"": 3.7994041347236855, ""subsample"": 0.9497327922401265, ""subsample_freq"": 1}",official_candidate,LGBMClassifier,3.104,0.23569835080908808,True,True,0.8,0.8013309302647996,0.4299941417691857,False,0.23569835080908808,0.9929150165316281,0.34926193366988306,0.5167536494970123,0.7779389269562873,0.9244922985130071,0.9259259259259259,0.8565834557023985,2.4772937401424917,15.0,0.23569835080908808,0.8013309302647996,0.23862604244075633,0.36774296166693177,0.44308651071384053,0.8092065440159506,0.7619047619047619,0.8672086720867209,2.4570912375790424,15.0
lightgbm_optuna,2,COMPLETE,881535.1130545323,"{""colsample_bytree"": 0.7418481581956126, ""learning_rate"": 0.040592207502458705, ""min_child_samples"": 73, ""n_estimators"": 448, ""num_leaves"": 36, ""reg_alpha"": 0.8764339456056545, ""reg_lambda"": 0.4979887773003547, ""scale_pos_weight"": 3.7994041347236855, ""subsample"": 0.8835558684167139, ""subsample_freq"": 1}",official_candidate,LGBMClassifier,3.673,0.253586101878949,True,True,0.8,0.8011922916955497,0.41000514814223077,False,0.253586101878949,0.9921520183119573,0.3654552632811611,0.5341562055289578,0.796538168416754,0.933693940095603,0.9296296296296296,0.860009789525208,2.4872029151030617,15.0,0.253586101878949,0.8011922916955497,0.2502164877034984,0.38133887624138046,0.45935881700163245,0.8177297718923887,0.7738095238095238,0.8807588075880759,2.495483288166215,15.0
lightgbm_optuna,3,COMPLETE,854410.9557295408,"{""colsample_bytree"": 0.7139351238159993, ""learning_rate"": 0.06652801978791024, ""min_child_samples"": 107, ""n_estimators"": 546, ""num_leaves"": 24, ""reg_alpha"": 1.822634555704315, ""reg_lambda"": 0.21111677952516889, ""scale_pos_weight"": 3.7994041347236855, ""subsample"": 0.8777243706586128, ""subsample_freq"": 1}",official_candidate,LGBMClassifier,3.297,0.2353133748621747,True,True,0.8,0.8007763759877998,0.41999964495570824,False,0.2353133748621747,0.9947861788322494,0.3654790826814748,0.5345627068344446,0.8133777347594207,0.9409081023239134,0.9306878306878307,0.8609887420460107,2.4900341079489388,15.0,0.2353133748621747,0.8007763759877998,0.2441354241514857,0.37419020471624775,0.4449878863376537,0.8117064301679378,0.75,0.8536585365853658,2.4186991869918697,15.0
lightgbm_optuna,4,COMPLETE,859835.7871900601,"{""colsample_bytree"": 0.7293016342019151, ""learning_rate"": 0.0907582989269505, ""min_child_samples"": 152, ""n_estimators"": 292, ""num_leaves"": 62, ""reg_alpha"": 2.052699079536471, ""reg_lambda"": 0.6880972205390068, ""scale_pos_weight"": 3.7994041347236855, ""subsample"": 0.7913841307520112, ""subsample_freq"": 1}",official_candidate,LGBMClassifier,3.533,0.21406915798493772,True,True,0.8,0.8027173159572993,0.41999964495570824,False,0.21406915798493772,0.9985466700577699,0.3931478435018954,0.5641704643428994,0.8782878994445682,0.9666257779421971,0.9338624338624338,0.863925599608419,2.4985276864865704,15.0,0.21406915798493772,0.8027173159572993,0.24472716513800244,0.37509717543405025,0.4433832062485877,0.8111365225683793,0.7547619047619047,0.8590785907859079,2.4340560072267388,15.0
lightgbm_optuna,5,COMPLETE,895097.1917139818,"{""colsample_bytree"": 0.8987566853061946, ""learning_rate"": 0.038377072590747206, ""min_child_samples"": 167, ""n_estimators"": 329, ""num_leaves"": 16, ""reg_alpha"": 0.9351332282682329, ""reg_lambda"": 0.9766439040435948, ""scale_pos_weight"": 3.7994041347236855, ""subsample"": 0.777633994480005, ""subsample_freq"": 1}",official_candidate,LGBMClassifier,1.759,0.2977647306316483,True,True,0.8,0.8028559545265492,0.40001065132875324,False,0.2977647306316483,0.9708789012825637,0.3525891814505222,0.5173096375454339,0.7253549799364958,0.8948878489962298,0.9222222222222223,0.8531571218795888,2.467384565181922,15.0,0.2977647306316483,0.8028559545265492,0.25700084320773975,0.38936327573455254,0.46349780423098236,0.8208382389685114,0.7857142857142857,0.8943089430894309,2.533875338753387,15.0
lightgbm_optuna,6,COMPLETE,876110.2815937409,"{""colsample_bytree"": 0.9684482051282947, ""learning_rate"": 0.021300728690991762, ""min_child_samples"": 147, ""n_estimators"": 605, ""num_leaves"": 62, ""reg_alpha"": 1.7936999364332555, ""reg_lambda"": 5.680801652040023, ""scale_pos_weight"": 3.7994041347236855, ""subsample"": 0.9818496824692567, ""subsample_freq"": 1}",official_candidate,LGBMClassifier,7.446,0.24243678886152123,True,True,0.8,0.8041037016497989,0.41999964495570824,False,0.24243678886152123,0.9935690150056317,0.3687631479583581,0.5378888462711081,0.8122534706344646,0.9418288218427445,0.928042328042328,0.8585413607440039,2.482956125834246,15.0,0.24243678886152123,0.8041037016497989,0.24514983727122872,0.37574501166105206,0.46069161718761453,0.8160070596662998,0.7690476190476191,0.8753387533875339,2.480126467931346,15.0
lightgbm_optuna,7,COMPLETE,914084.1018410996,"{""colsample_bytree"": 0.7814047095321688, ""learning_rate"": 0.02175520862971143, ""min_child_samples"": 79, ""n_estimators"": 307, ""num_leaves"": 17, ""reg_alpha"": 2.486212527455788, ""reg_lambda"": 0.4774563611907041, ""scale_pos_weight"": 3.7994041347236855, ""subsample"": 0.8166031869068445, ""subsample_freq"": 1}",official_candidate,LGBMClassifier,1.846,0.33399564139872373,True,True,0.8,0.8078469430195481,0.41000514814223077,False,0.33399564139872373,0.9449732950623115,0.36023102653065464,0.5216174885306726,0.7084839703127912,0.8839023797550937,0.9232804232804233,0.8541360744003916,2.470215758027799,15.0,0.33399564139872373,0.8078469430195481,0.2522947696570835,0.38450625226830315,0.47318117967493045,0.8265520826051713,0.8023809523809524,0.9132791327913279,2.587624209575429,15.0
lightgbm_optuna,8,COMPLETE,876110.281592092,"{""colsample_bytree"": 0.9960660809801551, ""learning_rate"": 0.041997487126877085, ""min_child_samples"": 151, ""n_estimators"": 432, ""num_leaves"": 21, ""reg_alpha"": 2.3167343078899725, ""reg_lambda"": 0.23887671814752645, ""scale_pos_weight"": 3.7994041347236855, ""subsample"": 0.7223651931039312, ""subsample_freq"": 1}",official_candidate,LGBMClassifier,2.563,0.2647957487371547,True,True,0.8,0.8007763759877998,0.41000514814223077,False,0.2647957487371547,0.9864840315372597,0.3537612622883537,0.5207700975808578,0.755336135883035,0.9136776067193038,0.9216931216931217,0.8526676456191875,2.4659689687589834,15.0,0.2647957487371547,0.8007763759877998,0.25008659508139935,0.3811409152396978,0.45904267078018063,0.8180285767064386,0.7690476190476191,0.8753387533875339,2.480126467931346,15.0
lightgbm_optuna,9,COMPLETE,892384.7759755779,"{""colsample_bytree"": 0.7222133955202271, ""learning_rate"": 0.07046233938230743, ""min_child_samples"": 140, ""n_estimators"": 253, ""num_leaves"": 49, ""reg_alpha"": 1.0753971856328177, ""reg_lambda"": 0.16615340547208615, ""scale_pos_weight"": 3.7994041347236855, ""subsample"": 0.9313811040057837, ""subsample_freq"": 1}",official_candidate,LGBMClassifier,2.651,0.24004880505771853,True,True,0.8,0.8075696658810481,0.41999964495570824,False,0.24004880505771853,0.995131344693529,0.3709537611398543,0.540446145801474,0.8187855740081734,0.9441991757766204,0.9275132275132275,0.8580518844836026,2.4815405294113075,15.0,0.24004880505771853,0.8075696658810481,0.24620651760429435,0.3773646022285566,0.4561560573456476,0.8168411194939992,0.7833333333333333,0.8915989159891599,2.526196928635953,15.0
lightgbm_optuna,10,COMPLETE,889672.3602546062,"{""colsample_bytree"": 0.8262834310612698, ""learning_rate"": 0.015171635161998718, ""min_child_samples"": 32, ""n_estimators"": 865, ""num_leaves"": 33, ""reg_alpha"": 2.8793122378362592, ""reg_lambda"": 2.0562889693998017, ""scale_pos_weight"": 3.7994041347236855, ""subsample"": 0.8385226733715169, ""subsample_freq"": 1}",official_candidate,LGBMClassifier,6.884,0.27204882296856375,True,True,0.8,0.8029945930957992,0.41000514814223077,False,0.27204882296856375,0.9868655306470951,0.36107492289694776,0.5287064342511217,0.7669828847531092,0.9195041262638561,0.9238095238095239,0.8546255506607929,2.4716313544507376,15.0,0.27204882296856375,0.8029945930957992,0.2507793557325944,0.382196707248672,0.4662464008134712,0.8207060795888805,0.780952380952381,0.8888888888888888,2.5185185185185186,15.0
lightgbm_optuna,11,COMPLETE,916796.5175700266,"{""colsample_bytree"": 0.887021335499382, ""learning_rate"": 0.02680246966120618, ""min_child_samples"": 77, ""n_estimators"": 351, ""num_leaves"": 15, ""reg_alpha"": 2.941347465243199, ""reg_lambda"": 1.0345591283037257, ""scale_pos_weight"": 3.7994041347236855, ""subsample"": 0.7891980353313023, ""subsample_freq"": 1}",official_candidate,LGBMClassifier,1.891,0.3203070967321333,True,True,0.8,0.8045196173575488,0.41000514814223077,False,0.3203070967321333,0.9554372706463685,0.3565820519079001,0.5193395807206549,0.7143415824930053,0.8877675054882146,0.9248677248677248,0.8556045031815956,2.4744625472966146,15.0,0.3203070967321333,0.8045196173575488,0.25125562868029094,0.3829225642548418,0.4710460695706051,0.8244955262882161,0.8047619047619048,0.9159891598915989,2.5953026196928635,15.0
lightgbm_optuna,12,COMPLETE,903234.4389139288,"{""colsample_bytree"": 0.835673032993756, ""learning_rate"": 0.02411887711758052, ""min_child_samples"": 76, ""n_estimators"": 370, ""num_leaves"": 27, ""reg_alpha"": 2.9911587760353484, ""reg_lambda"": 1.546637295137965, ""scale_pos_weight"": 3.7994041347236855, ""subsample"": 0.8154379319130818, ""subsample_freq"": 1}",official_candidate,LGBMClassifier,2.784,0.3089942038060851,True,True,0.8,0.8002218217107999,0.40001065132875324,False,0.3089942038060851,0.9723685644733495,0.3636308051849235,0.5293163635644426,0.7360422842957424,0.901926368688033,0.9232804232804233,0.8541360744003916,2.470215758027799,15.0,0.3089942038060851,0.8002218217107999,0.2561576354679803,0.3880857930478048,0.4702586404359654,0.8238479375659812,0.7928571428571428,0.9024390243902439,2.556910569105691,15.0
lightgbm_optuna,13,COMPLETE,908659.2703758049,"{""colsample_bytree"": 0.898256717587686, ""learning_rate"": 0.024869376658086466, ""min_child_samples"": 64, ""n_estimators"": 341, ""num_leaves"": 15, ""reg_alpha"": 2.5911944644398, ""reg_lambda"": 0.49143136313960034, ""scale_pos_weight"": 3.7994041347236855, ""subsample"": 0.8518123543260288, ""subsample_freq"": 1}",official_candidate,LGBMClassifier,1.888,0.32253718900635403,True,True,0.8,0.8060446416192985,0.41000514814223077,False,0.32253718900635403,0.9536569414671365,0.3557174318143317,0.5181595194969919,0.7111664924781198,0.8855193993712603,0.9227513227513228,0.8536465981399902,2.4688001616048605,15.0,0.32253718900635403,0.8060446416192985,0.25173190162798753,0.38364842126101156,0.47001045027363175,0.8250818880092665,0.7976190476190477,0.907859078590786,2.5722673893405603,15.0
lightgbm_optuna,14,COMPLETE,895097.1917231228,"{""colsample_bytree"": 0.7943147689792683, ""learning_rate"": 0.03025908886049901, ""min_child_samples"": 94, ""n_estimators"": 397, ""num_leaves"": 30, ""reg_alpha"": 2.5031891775487667, ""reg_lambda"": 2.539028433123281, ""scale_pos_weight"": 3.7994041347236855, ""subsample"": 0.7039420947153425, ""subsample_freq"": 1}",official_candidate,LGBMClassifier,3.047,0.28603047168953855,True,True,0.8,0.8047968944960489,0.41000514814223077,False,0.28603047168953855,0.9814518766122879,0.3630322008386195,0.5300154025762526,0.7551123802898829,0.9131511056921616,0.9243386243386243,0.8551150269211943,2.4730469508736763,15.0,0.28603047168953855,0.8047968944960489,0.25134222376169035,0.3830545382559636,0.4726388417808588,0.8251031757671003,0.7857142857142857,0.8943089430894309,2.533875338753387,15.0
lightgbm_optuna,15,COMPLETE,892384.7759867735,"{""colsample_bytree"": 0.8977085814426922, ""learning_rate"": 0.016214658284051792, ""min_child_samples"": 50, ""n_estimators"": 756, ""num_leaves"": 22, ""reg_alpha"": 1.3855987967549463, ""reg_lambda"": 0.1038215890603833, ""scale_pos_weight"": 3.7994041347236855, ""subsample"": 0.7725690744904963, ""subsample_freq"": 1}",official_candidate,LGBMClassifier,4.701,0.28662668302131306,True,True,0.8,0.8018854845417995,0.41000514814223077,False,0.28662668302131306,0.9802892126585038,0.35546494163526654,0.5217403915881074,0.7410271075990585,0.9047139778649828,0.9232804232804233,0.8541360744003916,2.470215758027799,15.0,0.28662668302131306,0.8018854845417995,0.2504329754069969,0.3816688112441849,0.46735176378339277,0.8218954011031032,0.7833333333333333,0.8915989159891599,2.526196928635953,15.0
lightgbm_optuna,16,COMPLETE,908659.270381189,"{""colsample_bytree"": 0.8571165685130506, ""learning_rate"": 0.0197099763818038, ""min_child_samples"": 90, ""n_estimators"": 257, ""num_leaves"": 41, ""reg_alpha"": 2.66543720967007, ""reg_lambda"": 1.0571723438665552, ""scale_pos_weight"": 3.7994041347236855, ""subsample"": 0.8344450736340927, ""subsample_freq"": 1}",official_candidate,LGBMClassifier,2.68,0.32554063950114903,True,True,0.8,0.8072923887425482,0.41000514814223077,False,0.32554063950114903,0.9663372452130945,0.3743903039858107,0.5396880152187699,0.7330163485531783,0.9019358358461363,0.9227513227513228,0.8536465981399902,2.4688001616048605,15.0,0.32554063950114903,0.8072923887425482,0.2521215794942847,0.3842423042660596,0.4753945533509658,0.8262837981471883,0.7976190476190477,0.907859078590786,2.5722673893405603,15.0
lightgbm_optuna,17,COMPLETE,876110.281596674,"{""colsample_bytree"": 0.9371450151476763, ""learning_rate"": 0.030046414372295462, ""min_child_samples"": 54, ""n_estimators"": 514, ""num_leaves"": 20, ""reg_alpha"": 2.173012799082633, ""reg_lambda"": 0.40677516725186563, ""scale_pos_weight"": 3.7994041347236855, ""subsample"": 0.8971435912982684, ""subsample_freq"": 1}",official_candidate,LGBMClassifier,3.107,0.265340013920741,True,True,0.8,0.8002218217107999,0.41999964495570824,False,0.265340013920741,0.984976201722196,0.34758888618209327,0.5138462413283293,0.7453636950782114,0.9070160771416154,0.9232804232804233,0.8541360744003916,2.470215758027799,15.0,0.265340013920741,0.8002218217107999,0.2439663552981952,0.373931070225447,0.4636247595588015,0.8184802359200661,0.7690476190476191,0.8753387533875339,2.480126467931346,15.0
lightgbm_optuna,18,COMPLETE,897809.6074488411,"{""colsample_bytree"": 0.7844445448333641, ""learning_rate"": 0.03394255205500821, ""min_child_samples"": 123, ""n_estimators"": 394, ""num_leaves"": 27, ""reg_alpha"": 2.998019871317199, ""reg_lambda"": 3.2792204809384793, ""scale_pos_weight"": 3.7994041347236855, ""subsample"": 0.8100175475179305, ""subsample_freq"": 1}",official_candidate,LGBMClassifier,2.868,0.2842486536479175,True,True,0.8,0.803965063080549,0.41000514814223077,False,0.2842486536479175,0.9823238745776259,0.35990362279773436,0.526798805586271,0.7528714148831634,0.911553418309912,0.9232804232804233,0.8541360744003916,2.470215758027799,15.0,0.2842486536479175,0.803965063080549,0.2510824385174922,0.3826586162525982,0.46729501866581963,0.8215279304273848,0.7880952380952381,0.8970189701897019,2.5415537488708217,15.0
lightgbm_optuna,19,COMPLETE,935783.4276910286,"{""colsample_bytree"": 0.85043710462671, ""learning_rate"": 0.018852056227756833, ""min_child_samples"": 30, ""n_estimators"": 301, ""num_leaves"": 18, ""reg_alpha"": 1.620664058519468, ""reg_lambda"": 1.2830971418881916, ""scale_pos_weight"": 3.7994041347236855, ""subsample"": 0.7543872254175015, ""subsample_freq"": 1}",official_candidate,LGBMClassifier,1.973,0.340958552989428,True,True,0.8,0.8111742686815472,0.41000514814223077,False,0.340958552989428,0.9408494713512335,0.3633850450109107,0.5242778399226592,0.7059382941146435,0.8826520232417591,0.9248677248677248,0.8556045031815956,2.4744625472966146,15.0,0.340958552989428,0.8111742686815472,0.253333910633876,0.38608994028176447,0.4746136596899844,0.8278711106931964,0.8214285714285714,0.9349593495934959,2.649051490514905,15.0
lightgbm_optuna,20,COMPLETE,900522.0231840068,"{""colsample_bytree"": 0.8504279290010722, ""learning_rate"": 0.016663798887874372, ""min_child_samples"": 35, ""n_estimators"": 458, ""num_leaves"": 25, ""reg_alpha"": 1.480029934391143, ""reg_lambda"": 1.3694309091076948, ""scale_pos_weight"": 3.7994041347236855, ""subsample"": 0.7440786313390428, ""subsample_freq"": 1}",official_candidate,LGBMClassifier,3.815,0.3101423731768889,True,True,0.8,0.8056287259115485,0.41000514814223077,False,0.3101423731768889,0.9695164044617229,0.35951362457475833,0.5245244261416967,0.7275899518189102,0.8965434122977429,0.9238095238095239,0.8546255506607929,2.4716313544507376,15.0,0.3101423731768889,0.8056287259115485,0.25160200900588847,0.3834504602593289,0.47139854999710323,0.8246186845196458,0.7904761904761904,0.8997289972899729,2.5492321589882563,15.0
lightgbm_optuna,21,COMPLETE,914084.1018415412,"{""colsample_bytree"": 0.8077577600806005, ""learning_rate"": 0.019604242076844396, ""min_child_samples"": 88, ""n_estimators"": 329, ""num_leaves"": 19, ""reg_alpha"": 1.894294149269536, ""reg_lambda"": 0.7255659451782828, ""scale_pos_weight"": 3.7994041347236855, ""subsample"": 0.7538278460988189, ""subsample_freq"": 1}",official_candidate,LGBMClassifier,2.191,0.3314160338386601,True,True,0.8,0.8068764730347983,0.41000514814223077,False,0.3314160338386601,0.9492424517676126,0.3607467344177184,0.5228075441492821,0.7105167403396397,0.8857267803837549,0.9232804232804233,0.8541360744003916,2.470215758027799,15.0,0.3314160338386601,0.8068764730347983,0.25199168687218565,0.3840443432643769,0.47362280276235585,0.8266443337896268,0.8023809523809524,0.9132791327913279,2.587624209575429,15.0
lightgbm_optuna,22,COMPLETE,908659.2703798111,"{""colsample_bytree"": 0.872088009872675, ""learning_rate"": 0.01899515502444389, ""min_child_samples"": 48, ""n_estimators"": 357, ""num_leaves"": 20, ""reg_alpha"": 1.5163462750634522, ""reg_lambda"": 0.8177877404200399, ""scale_pos_weight"": 3.7994041347236855, ""subsample"": 0.7490023122609979, ""subsample_freq"": 1}",official_candidate,LGBMClassifier,2.606,0.33155937425647225,True,True,0.8,0.8011922916955497,0.40001065132875324,False,0.33155937425647225,0.9514951131780692,0.36206777364542575,0.5245363137443416,0.7144528448794218,0.8883235773343992,0.9232804232804233,0.8541360744003916,2.470215758027799,15.0,0.33155937425647225,0.8011922916955497,0.25646829095104956,0.388556444563975,0.47401669526868806,0.8263174092079527,0.7976190476190477,0.907859078590786,2.5722673893405603,15.0
lightgbm_optuna,23,COMPLETE,908659.2703729959,"{""colsample_bytree"": 0.8190149339714653, ""learning_rate"": 0.027000828226740294, ""min_child_samples"": 98, ""n_estimators"": 300, ""num_leaves"": 19, ""reg_alpha"": 1.844235859840678, ""reg_lambda"": 1.5764355585394323, ""scale_pos_weight"": 3.7994041347236855, ""subsample"": 0.7581811056929326, ""subsample_freq"": 1}",official_candidate,LGBMClassifier,2.031,0.31060942834349275,True,True,0.8,0.808262858727298,0.41000514814223077,False,0.31060942834349275,0.9639210841841369,0.354099235877073,0.5179339258434973,0.7172356538698209,0.8900074821750072,0.9211640211640212,0.8521781693587861,2.4645533723360447,15.0,0.31060942834349275,0.808262858727298,0.25242466227918253,0.38470421326998583,0.4672014112053858,0.8238684702886493,0.7976190476190477,0.907859078590786,2.5722673893405603,15.0
lightgbm_optuna,24,COMPLETE,900522.0231873661,"{""colsample_bytree"": 0.9351482693492694, ""learning_rate"": 0.01827390723252736, ""min_child_samples"": 63, ""n_estimators"": 409, ""num_leaves"": 30, ""reg_alpha"": 1.244529517392564, ""reg_lambda"": 0.6400222963453936, ""scale_pos_weight"": 3.7994041347236855, ""subsample"": 0.7211929343026173, ""subsample_freq"": 1}",official_candidate,LGBMClassifier,3.963,0.30868508770727865,True,True,0.8,0.8054900873422987,0.41000514814223077,False,0.30868508770727865,0.9726410638375177,0.3632514875399448,0.5289546871372328,0.7357231271290828,0.9018605044469509,0.9211640211640212,0.8521781693587861,2.4645533723360447,15.0,0.30868508770727865,0.8054900873422987,0.25155871146518877,0.383384473258768,0.47475789642170635,0.8251912481494511,0.7904761904761904,0.8997289972899729,2.5492321589882563,15.0
lightgbm_optuna,25,COMPLETE,911371.6861106125,"{""colsample_bytree"": 0.8074528239440824, ""learning_rate"": 0.023460454545975742, ""min_child_samples"": 117, ""n_estimators"": 261, ""num_leaves"": 23, ""reg_alpha"": 1.6489696270115903, ""reg_lambda"": 7.9794657224842025, ""scale_pos_weight"": 3.7994041347236855, ""subsample"": 0.7905854794713959, ""subsample_freq"": 1}",official_candidate,LGBMClassifier,2.03,0.33121221980829485,True,True,0.8,0.8020241231110495,0.400028403543342,False,0.33121221980829485,0.951967445409294,0.36352158500461323,0.5261324216730172,0.715398831936598,0.8888257448813763,0.9227513227513228,0.8536465981399902,2.4688001616048605,15.0,0.33121221980829485,0.8020241231110495,0.25672317387059557,0.3889467845497025,0.4737562034714872,0.8263946824705113,0.8,0.9105691056910569,2.579945799457995,15.0
lightgbm_optuna,26,COMPLETE,900522.0231808643,"{""colsample_bytree"": 0.8761808254311736, ""learning_rate"": 0.030354295405615277, ""min_child_samples"": 86, ""n_estimators"": 340, ""num_leaves"": 18, ""reg_alpha"": 2.1204987861298927, ""reg_lambda"": 2.3684808750749657, ""scale_pos_weight"": 3.7994041347236855, ""subsample"": 0.7213277471340014, ""subsample_freq"": 1}",official_candidate,LGBMClassifier,2.166,0.30185019817886466,True,True,0.8,0.8075696658810481,0.41000514814223077,False,0.30185019817886466,0.9699705700686698,0.3535234488283862,0.5181849502855729,0.7232283260397534,0.8934604267456178,0.9211640211640212,0.8521781693587861,2.4645533723360447,15.0,0.30185019817886466,0.8075696658810481,0.2522081745756841,0.38437427826718135,0.46825606950731413,0.8231217136953279,0.7904761904761904,0.8997289972899729,2.5492321589882563,15.0
lightgbm_optuna,27,COMPLETE,897809.6074558118,"{""colsample_bytree"": 0.9298305025750424, ""learning_rate"": 0.01863618320649882, ""min_child_samples"": 105, ""n_estimators"": 485, ""num_leaves"": 28, ""reg_alpha"": 0.582828023258823, ""reg_lambda"": 0.32651254049663425, ""scale_pos_weight"": 3.7994041347236855, ""subsample"": 0.7002643539213058, ""subsample_freq"": 1}",official_candidate,LGBMClassifier,4.109,0.2953620709149178,True,True,0.8,0.807985581588798,0.41000514814223077,False,0.2953620709149178,0.9772372197798205,0.35946834529489596,0.5255994372032127,0.7400772377583422,0.9045302789497864,0.9211640211640212,0.8521781693587861,2.4645533723360447,15.0,0.2953620709149178,0.807985581588798,0.2523380671977832,0.384572239268864,0.4742658113282879,0.8253490363862991,0.7880952380952381,0.8970189701897019,2.5415537488708217,15.0
lightgbm_optuna,28,COMPLETE,867973.0343918744,"{""colsample_bytree"": 0.8483982530064731, ""learning_rate"": 0.047294887899893535, ""min_child_samples"": 43, ""n_estimators"": 548, ""num_leaves"": 36, ""reg_alpha"": 2.3434224743246403, ""reg_lambda"": 1.197771663585137, ""scale_pos_weight"": 3.7994041347236855, ""subsample"": 0.7680954321293225, ""subsample_freq"": 1}",official_candidate,LGBMClassifier,4.888,0.2115799841179022,True,True,0.8,0.8027173159572993,0.4299941417691857,False,0.2115799841179022,0.9976201722195982,0.35759868720940835,0.5264797806454087,0.8266701091462415,0.9469505384373511,0.9333333333333333,0.8634361233480177,2.4971120900636317,15.0,0.2115799841179022,0.8027173159572993,0.2390388902650483,0.3683791951646254,0.4520112897868338,0.8116193837866441,0.7619047619047619,0.8672086720867209,2.4570912375790424,15.0
lightgbm_optuna,29,COMPLETE,919508.933298815,"{""colsample_bytree"": 0.8754519472841653, ""learning_rate"": 0.025708450903386016, ""min_child_samples"": 61, ""n_estimators"": 367, ""num_leaves"": 15, ""reg_alpha"": 1.9716233513362604, ""reg_lambda"": 3.398601877376131, ""scale_pos_weight"": 3.7994041347236855, ""subsample"": 0.7415932203090614, ""subsample_freq"": 1}",official_candidate,LGBMClassifier,2.164,0.3158591835884479,True,True,0.8,0.8035491473727991,0.41000514814223077,False,0.3158591835884479,0.957871598299604,0.3537941261331383,0.5167312658333293,0.714210657508376,0.8873797577847569,0.9222222222222223,0.8531571218795888,2.467384565181922,15.0,0.3158591835884479,0.8035491473727991,0.2509525458953931,0.38246065525091555,0.4687724974530333,0.8240092864639943,0.8071428571428572,0.9186991869918699,2.602981029810298,15.0
xgboost_optuna,0,COMPLETE,832711.629848658,"{""colsample_bytree"": 0.7467983561008608, ""learning_rate"": 0.10831081647339098, ""max_depth"": 7, ""min_child_weight"": 7.585243326167403, ""n_estimators"": 493, ""reg_alpha"": 0.17425083650459838, ""reg_lambda"": 4.450524026952673, ""scale_pos_weight"": 3.7994041347236855, ""subsample"": 0.7468055921327309}",official_candidate,XGBClassifier,4.588,0.14431401789188386,True,True,0.8,0.8034105088035491,0.44000639079725196,False,0.14431401789188386,0.9998365003814991,0.39624040662932514,0.5675555830549024,0.9497506974825961,0.9870702919260839,0.9513227513227513,0.8800783162016642,2.5452423684435432,15.0,0.14431401789188386,0.8034105088035491,0.23380133946582748,0.3621988187130848,0.4126016383849319,0.7973113516694861,0.7309523809523809,0.8319783197831978,2.3572719060523935,15.0
xgboost_optuna,1,COMPLETE,884247.5287851528,"{""colsample_bytree"": 0.7637017332034828, ""learning_rate"": 0.06539499548477092, ""max_depth"": 3, ""min_child_weight"": 11.669008373781937, ""n_estimators"": 641, ""reg_alpha"": 0.5454749016213019, ""reg_lambda"": 0.22337537071469843, ""scale_pos_weight"": 3.7994041347236855, ""subsample"": 0.9497327922401265}",official_candidate,XGBClassifier,2.786,0.31059714257717125,True,True,0.8,0.804242340219049,0.41000514814223077,False,0.31059714257717125,0.9610870907967881,0.35622950488516003,0.519795438132808,0.7218968480236119,0.8923149083024582,0.9174603174603174,0.8487518355359766,2.4546441973754747,15.0,0.31059714257717125,0.804242340219049,0.2511690335988916,0.38279059025372003,0.45891710079910575,0.8188694699552088,0.7761904761904762,0.8834688346883469,2.5031616982836495,15.0
xgboost_optuna,2,COMPLETE,867973.0343973559,"{""colsample_bytree"": 0.7418481581956126, ""learning_rate"": 0.04466769459335021, ""max_depth"": 5, ""min_child_weight"": 4.203520542178461, ""n_estimators"": 448, ""reg_alpha"": 0.8764339456056545, ""reg_lambda"": 0.4979887773003547, ""scale_pos_weight"": 3.7994041347236855, ""subsample"": 0.8835558684167139}",official_candidate,XGBClassifier,2.85,0.2874514728784561,True,True,0.8,0.8018854845417995,0.41000514814223077,False,0.2874514728784561,0.979962213421502,0.36255427257940936,0.5292888260920758,0.7589416985781972,0.9124861004199284,0.9164021164021164,0.8477728830151737,2.4518130045295976,15.0,0.2874514728784561,0.8018854845417995,0.2504329754069969,0.3816688112441849,0.457492626091484,0.817451971168755,0.7619047619047619,0.8672086720867209,2.4570912375790424,15.0
xgboost_optuna,3,COMPLETE,870685.4501241507,"{""colsample_bytree"": 0.7139351238159993, ""learning_rate"": 0.07676721897355428, ""max_depth"": 4, ""min_child_weight"": 6.6565788225497275, ""n_estimators"": 546, ""reg_alpha"": 1.822634555704315, ""reg_lambda"": 0.21111677952516889, ""scale_pos_weight"": 3.7994041347236855, ""subsample"": 0.8777243706586128}",official_candidate,XGBClassifier,2.879,0.2836643129587173,True,True,0.8,0.8006377374185498,0.41000514814223077,False,0.2836643129587173,0.980561712022672,0.3637687019813991,0.5306696292509315,0.7588447582132232,0.9127771146840915,0.9169312169312169,0.8482623592755751,2.4532286009525364,15.0,0.2836643129587173,0.8006377374185498,0.2500432975406997,0.3810749282391369,0.45322561120478866,0.8145881806473372,0.7642857142857142,0.8699186991869918,2.464769647696477,15.0
xgboost_optuna,4,COMPLETE,835424.0455921466,"{""colsample_bytree"": 0.7293016342019151, ""learning_rate"": 0.10789971226365778, ""max_depth"": 8, ""min_child_weight"": 9.892370829281072, ""n_estimators"": 292, ""reg_alpha"": 2.052699079536471, ""reg_lambda"": 0.6880972205390068, ""scale_pos_weight"": 3.7994041347236855, ""subsample"": 0.7913841307520112}",official_candidate,XGBClassifier,2.989,0.16024491786956796,True,True,0.8,0.8092333287120477,0.44000639079725196,False,0.16024491786956796,0.9998183337572212,0.4064877321003885,0.5779878176853602,0.9496631465238689,0.9870924404202085,0.9492063492063492,0.8781204111600588,2.5395799827517886,15.0,0.16024491786956796,0.8092333287120477,0.2354958444283063,0.36482390074689836,0.4250282623466779,0.8021066110557347,0.7333333333333333,0.8346883468834688,2.364950316169828,15.0
xgboost_optuna,5,COMPLETE,914084.1018348356,"{""colsample_bytree"": 0.8987566853061946, ""learning_rate"": 0.04200302495669257, ""max_depth"": 3, ""min_child_weight"": 11.002524422866603, ""n_estimators"": 329, ""reg_alpha"": 0.9351332282682329, ""reg_lambda"": 0.9766439040435948, ""scale_pos_weight"": 3.7994041347236855, ""subsample"": 0.777633994480005}",official_candidate,XGBClassifier,1.47,0.3487396210432052,True,True,0.8,0.807985581588798,0.41000514814223077,False,0.3487396210432052,0.9355629836863714,0.3595043630017452,0.5194154193730585,0.696776623642083,0.8771943661184127,0.9158730158730158,0.8472834067547724,2.450397408106659,15.0,0.3487396210432052,0.807985581588798,0.2523380671977832,0.384572239268864,0.4669171833131884,0.8245433926951673,0.8023809523809524,0.9132791327913279,2.587624209575429,15.0
xgboost_optuna,6,COMPLETE,854410.9557390412,"{""colsample_bytree"": 0.9684482051282947, ""learning_rate"": 0.022030860823037703, ""max_depth"": 8, ""min_child_weight"": 9.52646105697226, ""n_estimators"": 605, ""reg_alpha"": 1.7936999364332555, ""reg_lambda"": 5.680801652040023, ""scale_pos_weight"": 3.7994041347236855, ""subsample"": 0.9818496824692567}",official_candidate,XGBClassifier,6.443,0.2544765412807464,True,True,0.8,0.8004990988492999,0.41000514814223077,False,0.2544765412807464,0.9952403444391963,0.38926784902228284,0.5596428680879754,0.8477451193050914,0.9531079805867706,0.9264550264550264,0.8570729319627998,2.4787093365654305,15.0,0.2544765412807464,0.8004990988492999,0.25,0.381008941238576,0.4544882766255224,0.8164637613858104,0.75,0.8536585365853658,2.4186991869918697,15.0
xgboost_optuna,7,COMPLETE,930358.5962194611,"{""colsample_bytree"": 0.7814047095321688, ""learning_rate"": 0.02254661867189074, ""max_depth"": 3, ""min_child_weight"": 4.578633638395908, ""n_estimators"": 307, ""reg_alpha"": 2.486212527455788, ""reg_lambda"": 0.4774563611907041, ""scale_pos_weight"": 3.7994041347236855, ""subsample"": 0.8166031869068445}",official_candidate,XGBClassifier,1.402,0.39199817180633545,True,True,0.8,0.8002218217107999,0.3901226678028084,False,0.39199817180633545,0.9018638956509102,0.37413238275391697,0.5288675114655076,0.6857123731525968,0.870055228794496,0.9227513227513228,0.8536465981399902,2.4688001616048605,15.0,0.39199817180633545,0.8002218217107999,0.262650163815071,0.3954914522594128,0.46517021373118805,0.8261107793692012,0.8166666666666667,0.9295392953929539,2.633694670280036,15.0
xgboost_optuna,8,COMPLETE,895097.1917136868,"{""colsample_bytree"": 0.9960660809801551, ""learning_rate"": 0.04636546906206549, ""max_depth"": 3, ""min_child_weight"": 9.824166788294436, ""n_estimators"": 432, ""reg_alpha"": 2.3167343078899725, ""reg_lambda"": 0.23887671814752645, ""scale_pos_weight"": 3.7994041347236855, ""subsample"": 0.7223651931039312}",official_candidate,XGBClassifier,1.895,0.3302186965942382,True,True,0.8,0.8054900873422987,0.41000514814223077,False,0.3302186965942382,0.9479707880681612,0.35500857212833703,0.516566518506786,0.7048781331132254,0.8820565274443299,0.9158730158730158,0.8472834067547724,2.450397408106659,15.0,0.3302186965942382,0.8054900873422987,0.25155871146518877,0.383384473258768,0.46320279369631784,0.821161082126448,0.7857142857142857,0.8943089430894309,2.533875338753387,15.0
xgboost_optuna,9,COMPLETE,857123.3714624584,"{""colsample_bytree"": 0.7222133955202271, ""learning_rate"": 0.08175725655761863, ""max_depth"": 7, ""min_child_weight"": 9.01907884845086, ""n_estimators"": 253, ""reg_alpha"": 1.0753971856328177, ""reg_lambda"": 0.16615340547208615, ""scale_pos_weight"": 3.7994041347236855, ""subsample"": 0.9313811040057837}",official_candidate,XGBClassifier,2.049,0.24980483353137967,True,True,0.8,0.8056287259115485,0.41999964495570824,False,0.24980483353137967,0.9953675108091414,0.3923957259081013,0.5628884619731043,0.8520598024454225,0.9541527990086116,0.9264550264550264,0.8570729319627998,2.4787093365654305,15.0,0.24980483353137967,0.8056287259115485,0.24561477661777759,0.37645763151075406,0.4468434606518338,0.8133262007583918,0.7523809523809524,0.8563685636856369,2.4263775971093042,15.0
xgboost_optuna,10,COMPLETE,881535.113059543,"{""colsample_bytree"": 0.8262834310612698, ""learning_rate"": 0.015188233139169439, ""max_depth"": 5, ""min_child_weight"": 1.1975806317630155, ""n_estimators"": 865, ""reg_alpha"": 2.8793122378362592, ""reg_lambda"": 2.0562889693998017, ""scale_pos_weight"": 3.7994041347236855, ""subsample"": 0.8385226733715169}",official_candidate,XGBClassifier,5.468,0.29780957400798796,True,True,0.8,0.8065991958962984,0.41000514814223077,False,0.29780957400798796,0.9734040620571885,0.3550969554786804,0.5203651548994853,0.7359669092396234,0.9000593727534858,0.9174603174603174,0.8487518355359766,2.4546441973754747,15.0,0.29780957400798796,0.8065991958962984,0.2519050917907863,0.3839123692632551,0.4643694272575541,0.8210890701182784,0.7738095238095238,0.8807588075880759,2.495483288166215,15.0
xgboost_optuna,11,COMPLETE,911371.6861031207,"{""colsample_bytree"": 0.887021335499382, ""learning_rate"": 0.028340085033392852, ""max_depth"": 4, ""min_child_weight"": 4.470060939155833, ""n_estimators"": 351, ""reg_alpha"": 2.941347465243199, ""reg_lambda"": 1.0345591283037257, ""scale_pos_weight"": 3.7994041347236855, ""subsample"": 0.7891980353313023}",official_candidate,XGBClassifier,1.841,0.3419272154569624,True,True,0.8,0.8065991958962984,0.41000514814223077,False,0.3419272154569624,0.9419031355593503,0.3605889266762642,0.5215230872138931,0.7059534211605898,0.8820105662549417,0.9148148148148149,0.8463044542339696,2.447566215260782,15.0,0.3419272154569624,0.8065991958962984,0.2519050917907863,0.3839123692632551,0.4662644861028581,0.8234707092956153,0.8,0.9105691056910569,2.579945799457995,15.0
xgboost_optuna,12,COMPLETE,927646.1804890529,"{""colsample_bytree"": 0.8875183765439945, ""learning_rate"": 0.029865193971754488, ""max_depth"": 3, ""min_child_weight"": 1.1208081528575793, ""n_estimators"": 354, ""reg_alpha"": 1.3237892482462565, ""reg_lambda"": 1.542314320802408, ""scale_pos_weight"": 3.7994041347236855, ""subsample"": 0.7969624017265904}",official_candidate,XGBClassifier,1.588,0.3606688678264618,True,True,0.8,0.8007763759877998,0.40001065132875324,False,0.3606688678264618,0.9274606692584384,0.3632502045608168,0.5220383350972182,0.6931269275224597,0.8745000800235883,0.9201058201058201,0.8511992168379834,2.4617221794901676,15.0,0.3606688678264618,0.8007763759877998,0.256335152886877,0.3883547367713306,0.46582413341932494,0.8247888877926688,0.8142857142857143,0.926829268292683,2.6260162601626016,15.0
xgboost_optuna,13,COMPLETE,908659.2703737215,"{""colsample_bytree"": 0.8100468976035723, ""learning_rate"": 0.027092082435999296, ""max_depth"": 4, ""min_child_weight"": 1.1363472796813998, ""n_estimators"": 421, ""reg_alpha"": 1.3143905024734037, ""reg_lambda"": 2.1463129267858454, ""scale_pos_weight"": 3.7994041347236855, ""subsample"": 0.8202108477525959}",official_candidate,XGBClassifier,2.156,0.3405049741268158,True,True,0.8,0.8047968944960489,0.40001065132875324,False,0.3405049741268158,0.9420484685535734,0.36166324922235704,0.5226681718305884,0.7089837003773911,0.883547969234339,0.9142857142857143,0.8458149779735683,2.4461506188378435,15.0,0.3405049741268158,0.8047968944960489,0.2576221541738783,0.390304578766893,0.46792709537133276,0.8241430603487273,0.7976190476190477,0.907859078590786,2.5722673893405603,15.0
xgboost_optuna,14,COMPLETE,914084.1018371372,"{""colsample_bytree"": 0.8742851456195314, ""learning_rate"": 0.018551524175472917, ""max_depth"": 5, ""min_child_weight"": 3.244015865173666, ""n_estimators"": 362, ""reg_alpha"": 2.4611526644747954, ""reg_lambda"": 0.4467057513728069, ""scale_pos_weight"": 3.7994041347236855, ""subsample"": 0.861467513579332}",official_candidate,XGBClassifier,2.284,0.34957757592201233,True,True,0.8,0.8032718702342991,0.40001065132875324,False,0.34957757592201233,0.939904806888784,0.36596545333653996,0.5268098971591487,0.7078502401448445,0.8835549452156295,0.9158730158730158,0.8472834067547724,2.450397408106659,15.0,0.34957757592201233,0.8032718702342991,0.2571339812719123,0.38956498352719693,0.4692188647207879,0.8251875308361302,0.8023809523809524,0.9132791327913279,2.587624209575429,15.0
xgboost_optuna,15,COMPLETE,892384.7759824151,"{""colsample_bytree"": 0.9379287498131537, ""learning_rate"": 0.029827752644833696, ""max_depth"": 3, ""min_child_weight"": 2.8211190952391574, ""n_estimators"": 756, ""reg_alpha"": 1.4507364312316562, ""reg_lambda"": 0.10353682433314651, ""scale_pos_weight"": 3.7994041347236855, ""subsample"": 0.7501907189291345}",official_candidate,XGBClassifier,3.159,0.32333580553531643,True,True,0.8,0.8075696658810481,0.41000514814223077,False,0.32333580553531643,0.9524942775133525,0.35301603118708885,0.5151177242114467,0.7072059909771743,0.8835677535013855,0.9148148148148149,0.8463044542339696,2.447566215260782,15.0,0.32333580553531643,0.8075696658810481,0.2522081745756841,0.38437427826718135,0.4629932837334181,0.8212071096346681,0.7833333333333333,0.8915989159891599,2.526196928635953,15.0
xgboost_optuna,16,COMPLETE,914084.1018367981,"{""colsample_bytree"": 0.8036487124222593, ""learning_rate"": 0.03494477672371516, ""max_depth"": 4, ""min_child_weight"": 6.105831456494465, ""n_estimators"": 257, ""reg_alpha"": 0.014220358959268653, ""reg_lambda"": 2.050045053882517, ""scale_pos_weight"": 3.7994041347236855, ""subsample"": 0.7046531145982681}",official_candidate,XGBClassifier,1.352,0.34438326954841614,True,True,0.8,0.8007763759877998,0.40001065132875324,False,0.34438326954841614,0.9388329760563892,0.3612728683579523,0.5217650295568244,0.7025164058098655,0.8800332932597452,0.9137566137566138,0.8453255017131669,2.4447350224149047,15.0,0.34438326954841614,0.8007763759877998,0.256335152886877,0.3883547367713306,0.46887972988374227,0.8237823031352216,0.8023809523809524,0.9132791327913279,2.587624209575429,15.0
xgboost_optuna,17,COMPLETE,924933.7647577886,"{""colsample_bytree"": 0.8464642504626103, ""learning_rate"": 0.020770726052668383, ""max_depth"": 3, ""min_child_weight"": 2.6154314991294445, ""n_estimators"": 376, ""reg_alpha"": 2.596156129038021, ""reg_lambda"": 3.2173425296397014, ""scale_pos_weight"": 3.7994041347236855, ""subsample"": 0.8255319031690384}",official_candidate,XGBClassifier,1.62,0.38220351934432983,True,True,0.8,0.8007763759877998,0.39003390672986454,False,0.38220351934432983,0.9115830396395742,0.3701335103636498,0.5264930540982918,0.6879063108921815,0.8712467564186471,0.9211640211640212,0.8521781693587861,2.4645533723360447,15.0,0.38220351934432983,0.8007763759877998,0.26289199399208046,0.3958333333333333,0.4656217743541863,0.8255429280055989,0.8119047619047619,0.924119241192412,2.618337850045167,15.0
xgboost_optuna,18,COMPLETE,919508.9332968286,"{""colsample_bytree"": 0.7835012023843699, ""learning_rate"": 0.01575761001498676, ""max_depth"": 4, ""min_child_weight"": 5.164796535309652, ""n_estimators"": 533, ""reg_alpha"": 1.6183605974928832, ""reg_lambda"": 1.2306086656896604, ""scale_pos_weight"": 3.7994041347236855, ""subsample"": 0.8953026497766552}",official_candidate,XGBClassifier,2.73,0.34896679520606994,True,True,0.8,0.8096492444197976,0.41000514814223077,False,0.34896679520606994,0.9368709806343786,0.36101252353851215,0.5211903161745757,0.7004676604236302,0.8786737268800398,0.9142857142857143,0.8458149779735683,2.4461506188378435,15.0,0.34896679520606994,0.8096492444197976,0.2528576376861794,0.3853640832755947,0.4667861482446708,0.8239287616107404,0.8071428571428572,0.9186991869918699,2.602981029810298,15.0
xgboost_optuna,19,COMPLETE,884247.5287933301,"{""colsample_bytree"": 0.9238414929418803, ""learning_rate"": 0.02283205575506124, ""max_depth"": 6, ""min_child_weight"": 2.0709712127884767, ""n_estimators"": 409, ""reg_alpha"": 2.176628899086643, ""reg_lambda"": 0.38383691088758576, ""scale_pos_weight"": 3.7994041347236855, ""subsample"": 0.8025599776454578}",official_candidate,XGBClassifier,2.972,0.3028945595026016,True,True,0.8,0.8023014002495494,0.41000514814223077,False,0.3028945595026016,0.9739490607855248,0.3632544651326666,0.5291510802728071,0.7491981714901121,0.9069126151926646,0.9164021164021164,0.8477728830151737,2.4518130045295976,15.0,0.3028945595026016,0.8023014002495494,0.25056286802909594,0.38186677224586757,0.46709438634089506,0.8226388552996244,0.7761904761904762,0.8834688346883469,2.5031616982836495,15.0
xgboost_optuna,20,COMPLETE,919508.9332958787,"{""colsample_bytree"": 0.8533167769668485, ""learning_rate"": 0.03475397173969965, ""max_depth"": 3, ""min_child_weight"": 8.003954198781841, ""n_estimators"": 311, ""reg_alpha"": 0.3640618850528988, ""reg_lambda"": 0.7358754157445639, ""scale_pos_weight"": 3.7994041347236855, ""subsample"": 0.763012960045257}",official_candidate,XGBClassifier,1.338,0.3578215539455414,True,True,0.8,0.8045196173575488,0.40001065132875324,False,0.3578215539455414,0.9305308287613996,0.3611404881763188,0.5203372612759041,0.6929130498030265,0.8744697072887406,0.919047619047619,0.8502202643171806,2.4588909866442905,15.0,0.3578215539455414,0.8045196173575488,0.25753339546442994,0.3901701069051301,0.4658361011477715,0.824580174903628,0.8071428571428572,0.9186991869918699,2.602981029810298,15.0
xgboost_optuna,21,COMPLETE,924933.7647576896,"{""colsample_bytree"": 0.8521142756778279, ""learning_rate"": 0.020820689112925055, ""max_depth"": 3, ""min_child_weight"": 2.652128407136891, ""n_estimators"": 374, ""reg_alpha"": 2.576216182564095, ""reg_lambda"": 3.583070197972409, ""scale_pos_weight"": 3.7994041347236855, ""subsample"": 0.8364711118096377}",official_candidate,XGBClassifier,1.596,0.3820667266845703,True,True,0.8,0.8018854845417995,0.39003390672986454,False,0.3820667266845703,0.9108018747956255,0.37087503606222677,0.5271120596754438,0.6878068373850131,0.8713119271050556,0.9227513227513228,0.8536465981399902,2.4688001616048605,15.0,0.3820667266845703,0.8018854845417995,0.26325611032724955,0.3963815789473684,0.4655228020611359,0.8259384888120469,0.8119047619047619,0.924119241192412,2.618337850045167,15.0
xgboost_optuna,22,COMPLETE,919508.9332958338,"{""colsample_bytree"": 0.8410838119234256, ""learning_rate"": 0.02473833022331488, ""max_depth"": 3, ""min_child_weight"": 3.738392621527625, ""n_estimators"": 490, ""reg_alpha"": 2.622454922526357, ""reg_lambda"": 7.12070921962103, ""scale_pos_weight"": 3.7994041347236855, ""subsample"": 0.8250199594074636}",official_candidate,XGBClassifier,2.029,0.355266809463501,True,True,0.8,0.8024400388187994,0.40001065132875324,False,0.355266809463501,0.9314028267267377,0.3612089615330421,0.5205446072309707,0.6945969397427668,0.8755155297122968,0.9211640211640212,0.8521781693587861,2.4645533723360447,15.0,0.355266809463501,0.8024400388187994,0.2568677051435672,0.38916156794190815,0.4657911826730726,0.8248148454782853,0.8071428571428572,0.9186991869918699,2.602981029810298,15.0
xgboost_optuna,23,COMPLETE,922221.3490303031,"{""colsample_bytree"": 0.785616503545341, ""learning_rate"": 0.018323786209606358, ""max_depth"": 4, ""min_child_weight"": 2.012960619261488, ""n_estimators"": 378, ""reg_alpha"": 1.9697859310377803, ""reg_lambda"": 3.1329292639885535, ""scale_pos_weight"": 3.7994041347236855, ""subsample"": 0.8147135399198758}",official_candidate,XGBClassifier,1.959,0.36661413311958313,True,True,0.8,0.8089560515735478,0.40001065132875324,False,0.36661413311958313,0.9242996766340879,0.3672168772960528,0.5256122190713794,0.6961909383909842,0.8759912580986509,0.9174603174603174,0.8487518355359766,2.4546441973754747,15.0,0.36661413311958313,0.8089560515735478,0.2589535348156038,0.3923216566933369,0.4691984901308902,0.8261070959266166,0.8095238095238095,0.9214092140921409,2.6106594399277325,15.0
xgboost_optuna,24,COMPLETE,924933.7647585778,"{""colsample_bytree"": 0.9114465008357711, ""learning_rate"": 0.033684752943003216, ""max_depth"": 3, ""min_child_weight"": 5.266423938424149, ""n_estimators"": 306, ""reg_alpha"": 2.703447908237171, ""reg_lambda"": 1.5392227555882545, ""scale_pos_weight"": 3.7994041347236855, ""subsample"": 0.8547824511598364}",official_candidate,XGBClassifier,1.306,0.3637838363647461,True,True,0.8,0.8006377374185498,0.4000994124016971,False,0.3637838363647461,0.92633433855321,0.36391470046674945,0.522545141522002,0.6924822080913154,0.8740891810403674,0.9195767195767196,0.850709740577582,2.4603065830672293,15.0,0.3637838363647461,0.8006377374185498,0.2562339160528885,0.3882222446304326,0.46641096069407695,0.8245394453430946,0.8119047619047619,0.924119241192412,2.618337850045167,15.0
xgboost_optuna,25,COMPLETE,911371.6861040475,"{""colsample_bytree"": 0.9234997446521984, ""learning_rate"": 0.03521410610169701, ""max_depth"": 4, ""min_child_weight"": 5.560509322544311, ""n_estimators"": 297, ""reg_alpha"": 2.7992539727365946, ""reg_lambda"": 1.524757319178068, ""scale_pos_weight"": 3.7994041347236855, ""subsample"": 0.8509273364604892}",official_candidate,XGBClassifier,1.483,0.34083491563796986,True,True,0.8,0.8059060030500486,0.41000514814223077,False,0.34083491563796986,0.9443374632125858,0.3606054720017759,0.5219128706111508,0.706383157112623,0.8827399614053975,0.9148148148148149,0.8463044542339696,2.447566215260782,15.0,0.34083491563796986,0.8059060030500486,0.2516886040872878,0.3835824342604507,0.4671912246497057,0.8227021963992732,0.8,0.9105691056910569,2.579945799457995,15.0
xgboost_optuna,26,COMPLETE,908659.2703666228,"{""colsample_bytree"": 0.9552224568503117, ""learning_rate"": 0.05288806753516704, ""max_depth"": 3, ""min_child_weight"": 6.754628114815248, ""n_estimators"": 255, ""reg_alpha"": 2.3108571511046905, ""reg_lambda"": 1.5555361102977823, ""scale_pos_weight"": 3.7994041347236855, ""subsample"": 0.9101737104335552}",official_candidate,XGBClassifier,1.078,0.339258673787117,True,True,0.8,0.8068764730347983,0.41000514814223077,False,0.339258673787117,0.9415216364495149,0.3549235394424166,0.5155145745987696,0.6960052005108781,0.8765368190453633,0.9185185185185185,0.8497307880567793,2.4574753902213518,15.0,0.339258673787117,0.8068764730347983,0.25199168687218565,0.3840443432643769,0.46082843073113433,0.8206466279787965,0.7976190476190477,0.907859078590786,2.5722673893405603,15.0
xgboost_optuna,27,COMPLETE,889672.3602565962,"{""colsample_bytree"": 0.8792433761575902, ""learning_rate"": 0.032122967708266066, ""max_depth"": 5, ""min_child_weight"": 4.991811488394504, ""n_estimators"": 306, ""reg_alpha"": 1.2586781551735882, ""reg_lambda"": 0.32651254049663425, ""scale_pos_weight"": 3.7994041347236855, ""subsample"": 0.8665317164810434}",official_candidate,XGBClassifier,1.784,0.31943809688091274,True,True,0.8,0.8053514487730487,0.41000514814223077,False,0.31943809688091274,0.9600879264615049,0.3596613606821786,0.5232911028927604,0.7221219101374577,0.8921229630399997,0.9153439153439153,0.846793930494371,2.4489818116837205,15.0,0.31943809688091274,0.8053514487730487,0.25151541392448906,0.38331848625820714,0.4682363529670228,0.8228726593479418,0.780952380952381,0.8888888888888888,2.5185185185185186,15.0
xgboost_optuna,28,COMPLETE,911371.6861036187,"{""colsample_bytree"": 0.9064645264937121, ""learning_rate"": 0.02575539891239333, ""max_depth"": 4, ""min_child_weight"": 3.7800430621988306, ""n_estimators"": 466, ""reg_alpha"": 0.5398758224211011, ""reg_lambda"": 0.6666577986751014, ""scale_pos_weight"": 3.7994041347236855, ""subsample"": 0.7680954321293225}",official_candidate,XGBClassifier,2.295,0.3267423063516616,True,True,0.8,0.8029945930957992,0.41000514814223077,False,0.3267423063516616,0.9530574428659666,0.3561236542351711,0.5185016801739474,0.7105393579777894,0.8851381079065435,0.9164021164021164,0.8477728830151737,2.4518130045295976,15.0,0.3267423063516616,0.8029945930957992,0.2507793557325944,0.382196707248672,0.46676249779918333,0.8227603425747249,0.8,0.9105691056910569,2.579945799457995,15.0
xgboost_optuna,29,COMPLETE,892384.7759833721,"{""colsample_bytree"": 0.975068060181566, ""learning_rate"": 0.04163254237528745, ""max_depth"": 3, ""min_child_weight"": 7.778318201632709, ""n_estimators"": 539, ""reg_alpha"": 2.72983523317912, ""reg_lambda"": 0.8947241719997487, ""scale_pos_weight"": 3.7994041347236855, ""subsample"": 0.7358229868246685}",official_candidate,XGBClassifier,2.195,0.3292758762836455,True,True,0.8,0.8068764730347983,0.41000514814223077,False,0.3292758762836455,0.9492424517676126,0.35625311070354737,0.5180723488848238,0.7069609919501861,0.8831908937246475,0.9142857142857143,0.8458149779735683,2.4461506188378435,15.0,0.3292758762836455,0.8068764730347983,0.25199168687218565,0.3840443432643769,0.4639502761161055,0.822045166209264,0.7833333333333333,0.8915989159891599,2.526196928635953,15.0
hist_gbdt_optuna,0,COMPLETE,851698.5400043919,"{""class_weight"": ""balanced"", ""l2_regularization"": 0.10256691315437247, ""learning_rate"": 0.030526578968204418, ""max_iter"": 677, ""max_leaf_nodes"": 33, ""min_samples_leaf"": 124}",official_candidate,HistGradientBoostingClassifier,10.035,0.22306814000592598,True,True,0.8,0.807985581588798,0.4299941417691857,False,0.22306814000592598,0.9940231806125785,0.34918092418044555,0.5168148781328661,0.7910208938588034,0.9313018557374431,0.9248677248677248,0.8556045031815956,2.4744625472966146,15.0,0.22306814000592598,0.807985581588798,0.24060771199735778,0.3707968824558613,0.4509011898887603,0.8119309606908822,0.7476190476190476,0.8509485094850948,2.411020776874435,15.0
hist_gbdt_optuna,1,COMPLETE,903234.4389158131,"{""class_weight"": ""balanced"", ""l2_regularization"": 1.3035123791853829, ""learning_rate"": 0.020165848860302198, ""max_iter"": 247, ""max_leaf_nodes"": 37, ""min_samples_leaf"": 124}",official_candidate,HistGradientBoostingClassifier,4.809,0.311102182624874,True,True,0.8,0.8084014972965479,0.41000514814223077,False,0.311102182624874,0.9664825782073175,0.3601987826593274,0.5248070236010752,0.725249808017435,0.8957912393768352,0.9216931216931217,0.8526676456191875,2.4659689687589834,15.0,0.311102182624874,0.8084014972965479,0.25246795981988224,0.3847702002705467,0.47214293802349966,0.8234836239251525,0.7928571428571428,0.9024390243902439,2.556910569105691,15.0
hist_gbdt_optuna,2,COMPLETE,870685.4501273179,"{""class_weight"": ""balanced"", ""l2_regularization"": 0.11551009439226466, ""learning_rate"": 0.015597356684694568, ""max_iter"": 686, ""max_leaf_nodes"": 36, ""min_samples_leaf"": 69}",official_candidate,HistGradientBoostingClassifier,11.905,0.2512413837801497,True,True,0.8,0.8063219187577985,0.41999964495570824,False,0.2512413837801497,0.9881553609708243,0.34764324289777265,0.5143373157897225,0.758884169327712,0.9149435282777,0.9259259259259259,0.8565834557023985,2.4772937401424917,15.0,0.2512413837801497,0.8063219187577985,0.24582611268439072,0.376781549624255,0.45639273493065824,0.8157476959135188,0.7642857142857142,0.8699186991869918,2.464769647696477,15.0
hist_gbdt_optuna,3,COMPLETE,897809.6074455841,"{""class_weight"": ""balanced"", ""l2_regularization"": 0.19117376123375926, ""learning_rate"": 0.021242216842926702, ""max_iter"": 366, ""max_leaf_nodes"": 27, ""min_samples_leaf"": 100}",official_candidate,HistGradientBoostingClassifier,5.707,0.2934588091029505,True,True,0.8,0.8021627616802994,0.41000514814223077,False,0.2934588091029505,0.9738945609126912,0.35326950069521784,0.5184698037205568,0.7273577273048226,0.896904671589466,0.9222222222222223,0.8531571218795888,2.467384565181922,15.0,0.2934588091029505,0.8021627616802994,0.25051957048839624,0.3818007852453067,0.4640381382329133,0.8211676798636446,0.7880952380952381,0.8970189701897019,2.5415537488708217,15.0
hist_gbdt_optuna,4,COMPLETE,865260.6186619696,"{""class_weight"": ""balanced"", ""l2_regularization"": 0.4084227947380081, ""learning_rate"": 0.04788529940269967, ""max_iter"": 287, ""max_leaf_nodes"": 20, ""min_samples_leaf"": 91}",official_candidate,HistGradientBoostingClassifier,3.814,0.25204096253955144,True,True,0.8,0.8096492444197976,0.4299941417691857,False,0.25204096253955144,0.9856483668204774,0.33939909545286784,0.5049300853865661,0.7364855609058347,0.901880983354454,0.9216931216931217,0.8526676456191875,2.4659689687589834,15.0,0.25204096253955144,0.8096492444197976,0.24110312938650813,0.37156036265309367,0.4531684284347877,0.8135606723424725,0.7595238095238095,0.8644986449864499,2.449412827461608,15.0
hist_gbdt_optuna,5,COMPLETE,862548.2029339483,"{""class_weight"": ""balanced"", ""l2_regularization"": 0.061925686494304646, ""learning_rate"": 0.06652801978791024, ""max_iter"": 316, ""max_leaf_nodes"": 26, ""min_samples_leaf"": 123}",official_candidate,HistGradientBoostingClassifier,4.203,0.2421206187774718,True,True,0.8,0.8041037016497989,0.41999964495570824,False,0.2421206187774718,0.9904988555026705,0.3527695283940553,0.5202501872587701,0.7751676614941483,0.9225174666183167,0.9232804232804233,0.8541360744003916,2.470215758027799,15.0,0.2421206187774718,0.8041037016497989,0.24514983727122872,0.37574501166105206,0.4562091337514411,0.8144309216407457,0.7571428571428571,0.8617886178861789,2.4417344173441733,15.0
hist_gbdt_optuna,6,COMPLETE,881535.1130557858,"{""class_weight"": ""balanced"", ""l2_regularization"": 4.268094931433412, ""learning_rate"": 0.047495533800103365, ""max_iter"": 302, ""max_leaf_nodes"": 13, ""min_samples_leaf"": 173}",official_candidate,HistGradientBoostingClassifier,3.49,0.2844742538404721,True,True,0.8,0.8072923887425482,0.41999964495570824,False,0.2844742538404721,0.9703520691785052,0.3441291112328061,0.508073299375538,0.7197903564604933,0.8905543262130668,0.9216931216931217,0.8526676456191875,2.4659689687589834,15.0,0.2844742538404721,0.8072923887425482,0.2461219831776491,0.37723503498315625,0.4606122513982841,0.8182739250307491,0.7738095238095238,0.8807588075880759,2.495483288166215,15.0
hist_gbdt_optuna,7,COMPLETE,865260.6186580829,"{""class_weight"": ""balanced"", ""l2_regularization"": 0.37955524026413456, ""learning_rate"": 0.06952434409191505, ""max_iter"": 366, ""max_leaf_nodes"": 14, ""min_samples_leaf"": 136}",official_candidate,HistGradientBoostingClassifier,4.213,0.2567783344620984,True,True,0.8,0.8047968944960489,0.4299941417691857,False,0.2567783344620984,0.9847582022308614,0.34518836445146334,0.5111890683792119,0.7461204688999304,0.9072555854706633,0.9238095238095239,0.8546255506607929,2.4716313544507376,15.0,0.2567783344620984,0.8047968944960489,0.23965816200148626,0.3693335454111659,0.44928180858719236,0.8123819636589917,0.7595238095238095,0.8644986449864499,2.449412827461608,15.0
hist_gbdt_optuna,8,COMPLETE,908659.2703714672,"{""class_weight"": ""balanced"", ""l2_regularization"": 0.16463795672118078, ""learning_rate"": 0.018907740251535424, ""max_iter"": 458, ""max_leaf_nodes"": 12, ""min_samples_leaf"": 168}",official_candidate,HistGradientBoostingClassifier,5.654,0.31930893570292557,True,True,0.8,0.804242340219049,0.4100229003568195,False,0.31930893570292557,0.9506776150855648,0.3513114346900825,0.513036445185167,0.7035077968351391,0.8803449572033432,0.9222222222222223,0.8531571218795888,2.467384565181922,15.0,0.31930893570292557,0.804242340219049,0.25115815906827726,0.3827779610689541,0.46567277061237267,0.8222456188724627,0.7976190476190477,0.907859078590786,2.5722673893405603,15.0
hist_gbdt_optuna,9,COMPLETE,857123.371469688,"{""class_weight"": ""balanced"", ""l2_regularization"": 0.11713290529102018, ""learning_rate"": 0.052716814595051814, ""max_iter"": 369, ""max_leaf_nodes"": 27, ""min_samples_leaf"": 117}",official_candidate,HistGradientBoostingClassifier,5.093,0.2494463334722048,True,True,0.8,0.8006377374185498,0.41000514814223077,False,0.2494463334722048,0.9901536896413908,0.356046798753601,0.5237571290606217,0.7731112693315292,0.9227686768637955,0.9264550264550264,0.8570729319627998,2.4787093365654305,15.0,0.2494463334722048,0.8006377374185498,0.2500432975406997,0.3810749282391369,0.4540730884753666,0.8164623825645824,0.7523809523809524,0.8563685636856369,2.4263775971093042,15.0
hist_gbdt_optuna,10,COMPLETE,835424.0455911229,"{""class_weight"": ""balanced"", ""l2_regularization"": 4.187517734539532, ""learning_rate"": 0.09127197774755354, ""max_iter"": 517, ""max_leaf_nodes"": 41, ""min_samples_leaf"": 42}",official_candidate,HistGradientBoostingClassifier,7.902,0.16996167853191577,True,True,0.8,0.8025786773880493,0.4299941417691857,False,0.16996167853191577,0.9991825019074956,0.36928789160590314,0.5392677857086831,0.8923195900391427,0.9703749847999517,0.9380952380952381,0.8678414096916299,2.5098524578700787,15.0,0.16996167853191577,0.8025786773880493,0.2389976054826191,0.3683155718148561,0.4240046590699463,0.8016798115513517,0.7333333333333333,0.8346883468834688,2.364950316169828,15.0
hist_gbdt_optuna,11,COMPLETE,870685.4501237564,"{""class_weight"": ""balanced"", ""l2_regularization"": 1.4989291095615251, ""learning_rate"": 0.024583489360533717, ""max_iter"": 503, ""max_leaf_nodes"": 20, ""min_samples_leaf"": 173}",official_candidate,HistGradientBoostingClassifier,6.492,0.25878431438157334,True,True,0.8,0.8068764730347983,0.4299941417691857,False,0.25878431438157334,0.9843585364967482,0.34017214210826996,0.5056150942691979,0.7301286630866346,0.8986133421386886,0.9211640211640212,0.8521781693587861,2.4645533723360447,15.0,0.25878431438157334,0.8068764730347983,0.2402774337379242,0.37028789565770637,0.4528313250634213,0.8129942407272381,0.7642857142857142,0.8699186991869918,2.464769647696477,15.0
hist_gbdt_optuna,12,COMPLETE,938495.8434210755,"{""class_weight"": ""balanced"", ""l2_regularization"": 1.0883720830731243, ""learning_rate"": 0.015363954252933477, ""max_iter"": 224, ""max_leaf_nodes"": 19, ""min_samples_leaf"": 151}",official_candidate,HistGradientBoostingClassifier,3.388,0.3787437224633621,True,True,0.8,0.8052128102037986,0.400028403543342,False,0.3787437224633621,0.9147803655124804,0.3739667733622476,0.5308992762141731,0.6952469678893932,0.8766328848150481,0.9259259259259259,0.8565834557023985,2.4772937401424917,15.0,0.3787437224633621,0.8052128102037986,0.2577438537321381,0.3904931589740142,0.4735984420286498,0.828271912996104,0.8238095238095238,0.9376693766937669,2.6567299006323393,15.0
hist_gbdt_optuna,13,COMPLETE,914084.1018361404,"{""class_weight"": ""balanced"", ""l2_regularization"": 0.9777986954234132, ""learning_rate"": 0.015314418854018557, ""max_iter"": 495, ""max_leaf_nodes"": 11, ""min_samples_leaf"": 154}",official_candidate,HistGradientBoostingClassifier,6.371,0.33980087981439233,True,True,0.8,0.8009150145570497,0.40001065132875324,False,0.33980087981439233,0.9369799803800458,0.3570157890729371,0.5170289655310681,0.6986329089390708,0.877229493930813,0.9238095238095239,0.8546255506607929,2.4716313544507376,15.0,0.33980087981439233,0.8009150145570497,0.2563795322416012,0.38842197270221207,0.46822194083581736,0.8249050855877663,0.8023809523809524,0.9132791327913279,2.587624209575429,15.0
hist_gbdt_optuna,14,COMPLETE,892384.7759795672,"{""class_weight"": ""balanced"", ""l2_regularization"": 1.0935478652858275, ""learning_rate"": 0.016327108784179766, ""max_iter"": 596, ""max_leaf_nodes"": 18, ""min_samples_leaf"": 150}",official_candidate,HistGradientBoostingClassifier,8.363,0.28933868280082403,True,True,0.8,0.8002218217107999,0.41000514814223077,False,0.28933868280082403,0.9699524034443919,0.3470754189580977,0.5112217541171965,0.7182957882530381,0.8905742851608636,0.9206349206349206,0.8516886930983847,2.463137775913106,15.0,0.28933868280082403,0.8002218217107999,0.24991340491860062,0.38087696723745423,0.4601454125483964,0.8187498879090318,0.7833333333333333,0.8915989159891599,2.526196928635953,15.0
hist_gbdt_optuna,15,COMPLETE,878822.697322119,"{""class_weight"": ""balanced"", ""l2_regularization"": 0.5601154201715477, ""learning_rate"": 0.02984368405567272, ""max_iter"": 435, ""max_leaf_nodes"": 16, ""min_samples_leaf"": 159}",official_candidate,HistGradientBoostingClassifier,5.101,0.2707300307336017,True,True,0.8,0.807985581588798,0.4299941417691857,False,0.2707300307336017,0.9776550521382117,0.34199940263223116,0.506734838961785,0.7236891624802214,0.8944238636123307,0.9216931216931217,0.8526676456191875,2.4659689687589834,15.0,0.2707300307336017,0.807985581588798,0.24060771199735778,0.3707968824558613,0.45800755367450097,0.816031072607134,0.7714285714285715,0.8780487804878049,2.4878048780487805,15.0
hist_gbdt_optuna,16,COMPLETE,935783.4276916017,"{""class_weight"": ""balanced"", ""l2_regularization"": 2.1116515641261633, ""learning_rate"": 0.01505327055750853, ""max_iter"": 225, ""max_leaf_nodes"": 23, ""min_samples_leaf"": 146}",official_candidate,HistGradientBoostingClassifier,3.72,0.3750834028043399,True,True,0.8,0.8056287259115485,0.40001065132875324,False,0.3750834028043399,0.9215746829924063,0.3767135494794374,0.5348113943534274,0.699137842633923,0.8794309932084462,0.9248677248677248,0.8556045031815956,2.4744625472966146,15.0,0.3750834028043399,0.8056287259115485,0.2578884303022234,0.3907079943521818,0.475186744904953,0.8287481411951549,0.8214285714285714,0.9349593495934959,2.649051490514905,15.0
hist_gbdt_optuna,17,COMPLETE,905946.8546449123,"{""class_weight"": ""balanced"", ""l2_regularization"": 2.500113931665152, ""learning_rate"": 0.026911693903615804, ""max_iter"": 226, ""max_leaf_nodes"": 23, ""min_samples_leaf"": 145}",official_candidate,HistGradientBoostingClassifier,3.44,0.31649942568566386,True,True,0.8,0.8056287259115485,0.41000514814223077,False,0.31649942568566386,0.9595429277331686,0.3560359413021644,0.519363418699207,0.7130580696882796,0.8875825212666741,0.9216931216931217,0.8526676456191875,2.4659689687589834,15.0,0.31649942568566386,0.8056287259115485,0.25160200900588847,0.3834504602593289,0.4701800774700303,0.823684577592994,0.7952380952380952,0.9051490514905149,2.5645889792231253,15.0
hist_gbdt_optuna,18,COMPLETE,884247.5287896564,"{""class_weight"": ""balanced"", ""l2_regularization"": 2.187331013407347, ""learning_rate"": 0.03584561909464664, ""max_iter"": 228, ""max_leaf_nodes"": 31, ""min_samples_leaf"": 137}",official_candidate,HistGradientBoostingClassifier,3.672,0.2850960221923914,True,True,0.8,0.8004990988492999,0.41000514814223077,False,0.2850960221923914,0.977909384878102,0.3542076553071927,0.5200488844019148,0.7354662455547679,0.9017550027462784,0.9206349206349206,0.8516886930983847,2.463137775913106,15.0,0.2850960221923914,0.8004990988492999,0.25,0.381008941238576,0.4634206004890461,0.8180063857289672,0.7761904761904762,0.8834688346883469,2.5031616982836495,15.0
hist_gbdt_optuna,19,COMPLETE,919508.9333024177,"{""class_weight"": ""balanced"", ""l2_regularization"": 0.681557126884423, ""learning_rate"": 0.0187449712307422, ""max_iter"": 260, ""max_leaf_nodes"": 23, ""min_samples_leaf"": 100}",official_candidate,HistGradientBoostingClassifier,4.02,0.34054429732949487,True,True,0.8,0.8115901843892971,0.41000514814223077,False,0.34054429732949487,0.943574464992915,0.36456542033115513,0.525929413670722,0.7073787320402635,0.8840915379866198,0.9238095238095239,0.8546255506607929,2.4716313544507376,15.0,0.34054429732949487,0.8115901843892971,0.25346380325597506,0.38628790128344714,0.4723751902750332,0.8262155316779534,0.8071428571428572,0.9186991869918699,2.602981029810298,15.0
hist_gbdt_optuna,20,COMPLETE,889672.3602527016,"{""class_weight"": ""balanced"", ""l2_regularization"": 2.5022200125082796, ""learning_rate"": 0.022448260857479918, ""max_iter"": 321, ""max_leaf_nodes"": 23, ""min_samples_leaf"": 164}",official_candidate,HistGradientBoostingClassifier,4.767,0.2981849924770977,True,True,0.8,0.803965063080549,0.4100229003568195,False,0.2981849924770977,0.968026741270937,0.3503675551990321,0.5145124847923064,0.7174907376189045,0.8905911551432238,0.9195767195767196,0.850709740577582,2.4603065830672293,15.0,0.2981849924770977,0.803965063080549,0.25107156773606965,0.3826459914219729,0.4643417343896693,0.820455042392134,0.780952380952381,0.8888888888888888,2.5185185185185186,15.0
hist_gbdt_optuna,21,COMPLETE,919508.9333036173,"{""class_weight"": ""balanced"", ""l2_regularization"": 0.71263697541, ""learning_rate"": 0.018005606134518033, ""max_iter"": 268, ""max_leaf_nodes"": 23, ""min_samples_leaf"": 103}",official_candidate,HistGradientBoostingClassifier,4.195,0.3440031350971825,True,True,0.8,0.8020241231110495,0.40001065132875324,False,0.3440031350971825,0.9416488028194601,0.3657029166490285,0.5268111228555167,0.707509672995331,0.8840048645863134,0.9248677248677248,0.8556045031815956,2.4744625472966146,15.0,0.3440031350971825,0.8020241231110495,0.2567345670793947,0.38895986014926376,0.4735747440158061,0.8274682944927532,0.8071428571428572,0.9186991869918699,2.602981029810298,15.0
hist_gbdt_optuna,22,COMPLETE,924933.7647646016,"{""class_weight"": ""balanced"", ""l2_regularization"": 0.8585103318280803, ""learning_rate"": 0.017547773133218623, ""max_iter"": 279, ""max_leaf_nodes"": 20, ""min_samples_leaf"": 78}",official_candidate,HistGradientBoostingClassifier,4.189,0.3436074459029166,True,True,0.8,0.8004990988492999,0.4000461557579308,False,0.3436074459029166,0.9395778076517821,0.3643408122292276,0.5250734767843818,0.7038301847765664,0.8814437273513878,0.9248677248677248,0.8556045031815956,2.4744625472966146,15.0,0.3436074459029166,0.8004990988492999,0.2562236520967384,0.3881941643135673,0.4724348485295908,0.8266665233558176,0.8119047619047619,0.924119241192412,2.618337850045167,15.0
hist_gbdt_optuna,23,COMPLETE,924933.7647619687,"{""class_weight"": ""balanced"", ""l2_regularization"": 1.870428402888679, ""learning_rate"": 0.015224770645386795, ""max_iter"": 334, ""max_leaf_nodes"": 18, ""min_samples_leaf"": 59}",official_candidate,HistGradientBoostingClassifier,4.726,0.34603784163148993,True,True,0.8,0.8054900873422987,0.40001065132875324,False,0.34603784163148993,0.9361624822875413,0.36350298028427325,0.5236699168237547,0.7019524482115673,0.879977253182178,0.926984126984127,0.8575624082232012,2.4801249329883692,15.0,0.34603784163148993,0.8054900873422987,0.25784405094749924,0.39064075842130036,0.46980199029923825,0.8258197986952619,0.8119047619047619,0.924119241192412,2.618337850045167,15.0
hist_gbdt_optuna,24,COMPLETE,916796.5175685833,"{""class_weight"": ""balanced"", ""l2_regularization"": 0.3583773904878571, ""learning_rate"": 0.023212216391201967, ""max_iter"": 277, ""max_leaf_nodes"": 20, ""min_samples_leaf"": 80}",official_candidate,HistGradientBoostingClassifier,4.06,0.3301993041244082,True,True,0.8,0.8013309302647996,0.40001065132875324,False,0.3301993041244082,0.9491152853976674,0.3609500977594771,0.5230017668640415,0.7109626968710536,0.8856586929370753,0.9222222222222223,0.8531571218795888,2.467384565181922,15.0,0.3301993041244082,0.8013309302647996,0.25651267030577374,0.38862368049485646,0.4696028076861333,0.824709928049693,0.8047619047619048,0.9159891598915989,2.5953026196928635,15.0
hist_gbdt_optuna,25,COMPLETE,933071.0119581874,"{""class_weight"": ""balanced"", ""l2_regularization"": 0.8850881226540915, ""learning_rate"": 0.017774125142160157, ""max_iter"": 222, ""max_leaf_nodes"": 16, ""min_samples_leaf"": 43}",official_candidate,HistGradientBoostingClassifier,3.436,0.37589737752658925,True,True,0.8,0.8050741716345488,0.40001065132875324,False,0.37589737752658925,0.9144896995240345,0.37223627194344616,0.5291044776119403,0.6944338945149343,0.875365629524391,0.9259259259259259,0.8565834557023985,2.4772937401424917,15.0,0.37589737752658925,0.8050741716345488,0.2577109128833267,0.39043905062865597,0.47283455272578745,0.8280568535778282,0.819047619047619,0.9322493224932249,2.6413730803974707,15.0
hist_gbdt_optuna,26,COMPLETE,930358.596226827,"{""class_weight"": ""balanced"", ""l2_regularization"": 3.413442611076782, ""learning_rate"": 0.01942863211278945, ""max_iter"": 220, ""max_leaf_nodes"": 16, ""min_samples_leaf"": 48}",official_candidate,HistGradientBoostingClassifier,3.249,0.3680157747280203,True,True,0.8,0.8023014002495494,0.40008166018710833,False,0.3680157747280203,0.9181230243796098,0.3696181609413967,0.5270545784470667,0.6960735380921553,0.8761520226735037,0.9253968253968254,0.856093979441997,2.4758781437195534,15.0,0.3680157747280203,0.8023014002495494,0.2567777432666282,0.3890420168067227,0.47253622469404283,0.8276749200976626,0.8166666666666667,0.9295392953929539,2.633694670280036,15.0
hist_gbdt_optuna,27,COMPLETE,924933.7647620438,"{""class_weight"": ""balanced"", ""l2_regularization"": 1.6969057438171724, ""learning_rate"": 0.026789510035258934, ""max_iter"": 221, ""max_leaf_nodes"": 16, ""min_samples_leaf"": 180}",official_candidate,HistGradientBoostingClassifier,3.096,0.34104007355953386,True,True,0.8,0.8002218217107999,0.40001065132875324,False,0.34104007355953386,0.9377066453511609,0.36175491467217996,0.5220931467498774,0.7023130931329722,0.8801480960806027,0.9243386243386243,0.8551150269211943,2.4730469508736763,15.0,0.34104007355953386,0.8002218217107999,0.2561576354679803,0.3880857930478048,0.4698770430768664,0.8242631659800382,0.8119047619047619,0.924119241192412,2.618337850045167,15.0
hist_gbdt_optuna,28,COMPLETE,895097.1917156535,"{""class_weight"": ""balanced"", ""l2_regularization"": 0.5076918666749213, ""learning_rate"": 0.017637661803883254, ""max_iter"": 405, ""max_leaf_nodes"": 25, ""min_samples_leaf"": 136}",official_candidate,HistGradientBoostingClassifier,6.159,0.2964659020420301,True,True,0.8,0.8017468459725495,0.41000514814223077,False,0.2964659020420301,0.9702612360571159,0.35156465988230495,0.5161187452890358,0.7205875189044307,0.8930396882676277,0.9216931216931217,0.8526676456191875,2.4659689687589834,15.0,0.2964659020420301,0.8017468459725495,0.2503896778662972,0.381602824243624,0.46516953314410286,0.8207992269365703,0.7857142857142857,0.8943089430894309,2.533875338753387,15.0
hist_gbdt_optuna,29,COMPLETE,859835.7872022608,"{""class_weight"": ""balanced"", ""l2_regularization"": 0.2703200332973776, ""learning_rate"": 0.03355691247059464, ""max_iter"": 636, ""max_leaf_nodes"": 29, ""min_samples_leaf"": 57}",official_candidate,HistGradientBoostingClassifier,8.423,0.24310364789565886,True,True,0.8,0.8052128102037986,0.41999964495570824,False,0.24310364789565886,0.9918250190749555,0.3570092724585747,0.525032215875214,0.7853229801506605,0.9280393754214403,0.9253968253968254,0.856093979441997,2.4758781437195534,15.0,0.24310364789565886,0.8052128102037986,0.24548797497780972,0.3762632806426535,0.4555838855133872,0.8155426001368704,0.7547619047619047,0.8590785907859079,2.4340560072267388,15.0
